Druzyna A;Druzyna B;Wynik A;Wynik B;Data meczu;Klucz;Sezon
£KS Commercecon £Ûdü;BKS PROFI CREDIT Bielsko-Bia≥a;3;1;24.03.2019, 17:30;24.03.2019£KS Commercecon £Ûdü-3:1-BKS PROFI CREDIT Bielsko-Bia≥a;2019/2020
£KS Commercecon £Ûdü;BKS PROFI CREDIT Bielsko-Bia≥a;3;1;24.03.2019, 17:30;24.03.2019£KS Commercecon £Ûdü-3:1-BKS PROFI CREDIT Bielsko-Bia≥a;2019/2020
BKS PROFI CREDIT Bielsko-Bia≥a;£KS Commercecon £Ûdü;1;3;28.03.2019, 17:30;28.03.2019BKS PROFI CREDIT Bielsko-Bia≥a-1:3-£KS Commercecon £Ûdü;2019/2020
BKS PROFI CREDIT Bielsko-Bia≥a;£KS Commercecon £Ûdü;1;3;28.03.2019, 17:30;28.03.2019BKS PROFI CREDIT Bielsko-Bia≥a-1:3-£KS Commercecon £Ûdü;2019/2020
Grot Budowlani £Ûdü;Bank Pocztowy Pa≥ac Bydgoszcz;3;0;22.03.2019, 17:30;22.03.2019Grot Budowlani £Ûdü-3:0-Bank Pocztowy Pa≥ac Bydgoszcz;2019/2020
Grot Budowlani £Ûdü;Bank Pocztowy Pa≥ac Bydgoszcz;3;0;22.03.2019, 17:30;22.03.2019Grot Budowlani £Ûdü-3:0-Bank Pocztowy Pa≥ac Bydgoszcz;2019/2020
Bank Pocztowy Pa≥ac Bydgoszcz;Grot Budowlani £Ûdü;0;3;28.03.2019, 20:30;28.03.2019Bank Pocztowy Pa≥ac Bydgoszcz-0:3-Grot Budowlani £Ûdü;2019/2020
Bank Pocztowy Pa≥ac Bydgoszcz;Grot Budowlani £Ûdü;0;3;28.03.2019, 20:30;28.03.2019Bank Pocztowy Pa≥ac Bydgoszcz-0:3-Grot Budowlani £Ûdü;2019/2020
Chemik Police;Grot Budowlani £Ûdü;0;3;06.04.2019, 14:45;06.04.2019Chemik Police-0:3-Grot Budowlani £Ûdü;2019/2020
Chemik Police;Grot Budowlani £Ûdü;0;3;06.04.2019, 14:45;06.04.2019Chemik Police-0:3-Grot Budowlani £Ûdü;2019/2020
Grot Budowlani £Ûdü;Chemik Police;3;1;13.04.2019, 17:30;13.04.2019Grot Budowlani £Ûdü-3:1-Chemik Police;2019/2020
Grot Budowlani £Ûdü;Chemik Police;3;1;13.04.2019, 17:30;13.04.2019Grot Budowlani £Ûdü-3:1-Chemik Police;2019/2020
Developres SkyRes RzeszÛw;£KS Commercecon £Ûdü;2;3;07.04.2019, 14:45;07.04.2019Developres SkyRes RzeszÛw-2:3-£KS Commercecon £Ûdü;2019/2020
Developres SkyRes RzeszÛw;£KS Commercecon £Ûdü;2;3;07.04.2019, 14:45;07.04.2019Developres SkyRes RzeszÛw-2:3-£KS Commercecon £Ûdü;2019/2020
£KS Commercecon £Ûdü;Developres SkyRes RzeszÛw;3;0;14.04.2019, 14:45;14.04.2019£KS Commercecon £Ûdü-3:0-Developres SkyRes RzeszÛw;2019/2020
£KS Commercecon £Ûdü;Developres SkyRes RzeszÛw;3;0;14.04.2019, 14:45;14.04.2019£KS Commercecon £Ûdü-3:0-Developres SkyRes RzeszÛw;2019/2020
£KS Commercecon £Ûdü;Grot Budowlani £Ûdü;3;2;23.04.2019, 20:30;23.04.2019£KS Commercecon £Ûdü-3:2-Grot Budowlani £Ûdü;2019/2020
£KS Commercecon £Ûdü;Grot Budowlani £Ûdü;3;2;23.04.2019, 20:30;23.04.2019£KS Commercecon £Ûdü-3:2-Grot Budowlani £Ûdü;2019/2020
Grot Budowlani £Ûdü;£KS Commercecon £Ûdü;2;3;26.04.2019, 20:30;26.04.2019Grot Budowlani £Ûdü-2:3-£KS Commercecon £Ûdü;2019/2020
Grot Budowlani £Ûdü;£KS Commercecon £Ûdü;2;3;26.04.2019, 20:30;26.04.2019Grot Budowlani £Ûdü-2:3-£KS Commercecon £Ûdü;2019/2020
£KS Commercecon £Ûdü;Grot Budowlani £Ûdü;3;2;29.04.2019, 20:30;29.04.2019£KS Commercecon £Ûdü-3:2-Grot Budowlani £Ûdü;2019/2020
£KS Commercecon £Ûdü;Grot Budowlani £Ûdü;3;2;29.04.2019, 20:30;29.04.2019£KS Commercecon £Ûdü-3:2-Grot Budowlani £Ûdü;2019/2020
Chemik Police;Developres SkyRes RzeszÛw;0;3;23.04.2019, 17:30;23.04.2019Chemik Police-0:3-Developres SkyRes RzeszÛw;2019/2020
Chemik Police;Developres SkyRes RzeszÛw;0;3;23.04.2019, 17:30;23.04.2019Chemik Police-0:3-Developres SkyRes RzeszÛw;2019/2020
Developres SkyRes RzeszÛw;Chemik Police;2;3;26.04.2019, 17:30;26.04.2019Developres SkyRes RzeszÛw-2:3-Chemik Police;2019/2020
Developres SkyRes RzeszÛw;Chemik Police;2;3;26.04.2019, 17:30;26.04.2019Developres SkyRes RzeszÛw-2:3-Chemik Police;2019/2020
Chemik Police;Developres SkyRes RzeszÛw;2;3;29.04.2019, 17:30;29.04.2019Chemik Police-2:3-Developres SkyRes RzeszÛw;2019/2020
Chemik Police;Developres SkyRes RzeszÛw;2;3;29.04.2019, 17:30;29.04.2019Chemik Police-2:3-Developres SkyRes RzeszÛw;2019/2020
Developres SkyRes RzeszÛw;Chemik Police;3;2;02.05.2019, 17:30;02.05.2019Developres SkyRes RzeszÛw-3:2-Chemik Police;2019/2020
Developres SkyRes RzeszÛw;Chemik Police;3;2;02.05.2019, 17:30;02.05.2019Developres SkyRes RzeszÛw-3:2-Chemik Police;2019/2020
Bank Pocztowy Pa≥ac Bydgoszcz;BKS PROFI CREDIT Bielsko-Bia≥a;1;3;07.04.2019, 18:30;07.04.2019Bank Pocztowy Pa≥ac Bydgoszcz-1:3-BKS PROFI CREDIT Bielsko-Bia≥a;2019/2020
Bank Pocztowy Pa≥ac Bydgoszcz;BKS PROFI CREDIT Bielsko-Bia≥a;1;3;07.04.2019, 18:30;07.04.2019Bank Pocztowy Pa≥ac Bydgoszcz-1:3-BKS PROFI CREDIT Bielsko-Bia≥a;2019/2020
BKS PROFI CREDIT Bielsko-Bia≥a;Bank Pocztowy Pa≥ac Bydgoszcz;3;1;15.04.2019, 18:00;15.04.2019BKS PROFI CREDIT Bielsko-Bia≥a-3:1-Bank Pocztowy Pa≥ac Bydgoszcz;2019/2020
BKS PROFI CREDIT Bielsko-Bia≥a;Bank Pocztowy Pa≥ac Bydgoszcz;3;1;15.04.2019, 18:00;15.04.2019BKS PROFI CREDIT Bielsko-Bia≥a-3:1-Bank Pocztowy Pa≥ac Bydgoszcz;2019/2020
E.Leclerc Radomka Radom;Energa MKS Kalisz;2;3;23.03.2019, 18:00;23.03.2019E.Leclerc Radomka Radom-2:3-Energa MKS Kalisz;2019/2020
E.Leclerc Radomka Radom;Energa MKS Kalisz;2;3;23.03.2019, 18:00;23.03.2019E.Leclerc Radomka Radom-2:3-Energa MKS Kalisz;2019/2020
Energa MKS Kalisz;E.Leclerc Radomka Radom;2;3;30.03.2019, 18:00;30.03.2019Energa MKS Kalisz-2:3-E.Leclerc Radomka Radom;2019/2020
Energa MKS Kalisz;E.Leclerc Radomka Radom;2;3;30.03.2019, 18:00;30.03.2019Energa MKS Kalisz-2:3-E.Leclerc Radomka Radom;2019/2020
E.Leclerc Radomka Radom;Energa MKS Kalisz;0;3;06.04.2019, 17:00;06.04.2019E.Leclerc Radomka Radom-0:3-Energa MKS Kalisz;2019/2020
E.Leclerc Radomka Radom;Energa MKS Kalisz;0;3;06.04.2019, 17:00;06.04.2019E.Leclerc Radomka Radom-0:3-Energa MKS Kalisz;2019/2020
Enea PTPS Pi≥a;DPD Legionovia Legionowo;3;0;24.03.2019, 18:00;24.03.2019Enea PTPS Pi≥a-3:0-DPD Legionovia Legionowo;2019/2020
Enea PTPS Pi≥a;DPD Legionovia Legionowo;3;0;24.03.2019, 18:00;24.03.2019Enea PTPS Pi≥a-3:0-DPD Legionovia Legionowo;2019/2020
DPD Legionovia Legionowo;Enea PTPS Pi≥a;0;3;31.03.2019, 18:00;31.03.2019DPD Legionovia Legionowo-0:3-Enea PTPS Pi≥a;2019/2020
DPD Legionovia Legionowo;Enea PTPS Pi≥a;0;3;31.03.2019, 18:00;31.03.2019DPD Legionovia Legionowo-0:3-Enea PTPS Pi≥a;2019/2020
#VolleyWroc≥aw;KSZO Ostrowiec;3;0;23.03.2019, 17:00;23.03.2019#VolleyWroc≥aw-3:0-KSZO Ostrowiec;2019/2020
#VolleyWroc≥aw;KSZO Ostrowiec;3;0;23.03.2019, 17:00;23.03.2019#VolleyWroc≥aw-3:0-KSZO Ostrowiec;2019/2020
KSZO Ostrowiec;#VolleyWroc≥aw;3;2;30.03.2019, 18:00;30.03.2019KSZO Ostrowiec-3:2-#VolleyWroc≥aw;2019/2020
KSZO Ostrowiec;#VolleyWroc≥aw;3;2;30.03.2019, 18:00;30.03.2019KSZO Ostrowiec-3:2-#VolleyWroc≥aw;2019/2020
#VolleyWroc≥aw;KSZO Ostrowiec;3;2;05.04.2019, 17:00;05.04.2019#VolleyWroc≥aw-3:2-KSZO Ostrowiec;2019/2020
#VolleyWroc≥aw;KSZO Ostrowiec;3;2;05.04.2019, 17:00;05.04.2019#VolleyWroc≥aw-3:2-KSZO Ostrowiec;2019/2020
KSZO Ostrowiec;Wis≥a Warszawa;3;0;17.04.2019, 18:00;17.04.2019KSZO Ostrowiec-3:0-Wis≥a Warszawa;2019/2020
KSZO Ostrowiec;Wis≥a Warszawa;3;0;17.04.2019, 18:00;17.04.2019KSZO Ostrowiec-3:0-Wis≥a Warszawa;2019/2020
KSZO Ostrowiec;Wis≥a Warszawa;2;3;18.04.2019, 18:00;18.04.2019KSZO Ostrowiec-2:3-Wis≥a Warszawa;2019/2020
KSZO Ostrowiec;Wis≥a Warszawa;2;3;18.04.2019, 18:00;18.04.2019KSZO Ostrowiec-2:3-Wis≥a Warszawa;2019/2020
Wis≥a Warszawa;KSZO Ostrowiec;3;0;27.04.2019, 18:00;27.04.2019Wis≥a Warszawa-3:0-KSZO Ostrowiec;2019/2020
Wis≥a Warszawa;KSZO Ostrowiec;3;0;27.04.2019, 18:00;27.04.2019Wis≥a Warszawa-3:0-KSZO Ostrowiec;2019/2020
Wis≥a Warszawa;KSZO Ostrowiec;3;0;28.04.2019, 18:00;28.04.2019Wis≥a Warszawa-3:0-KSZO Ostrowiec;2019/2020
Wis≥a Warszawa;KSZO Ostrowiec;3;0;28.04.2019, 18:00;28.04.2019Wis≥a Warszawa-3:0-KSZO Ostrowiec;2019/2020
Chemik Police;DPD Legionovia Legionowo;3;1;05.11.2018, 18:00;05.11.2018Chemik Police-3:1-DPD Legionovia Legionowo;2018/2019
Chemik Police;DPD Legionovia Legionowo;3;1;05.11.2018, 18:00;05.11.2018Chemik Police-3:1-DPD Legionovia Legionowo;2018/2019
£KS Commercecon £Ûdü;Bank Pocztowy Pa≥ac Bydgoszcz;3;2;03.11.2018, 17:00;03.11.2018£KS Commercecon £Ûdü-3:2-Bank Pocztowy Pa≥ac Bydgoszcz;2018/2019
£KS Commercecon £Ûdü;Bank Pocztowy Pa≥ac Bydgoszcz;3;2;03.11.2018, 17:00;03.11.2018£KS Commercecon £Ûdü-3:2-Bank Pocztowy Pa≥ac Bydgoszcz;2018/2019
E.Leclerc Radomka Radom;#VolleyWroc≥aw;3;2;03.11.2018, 18:00;03.11.2018E.Leclerc Radomka Radom-3:2-#VolleyWroc≥aw;2018/2019
E.Leclerc Radomka Radom;#VolleyWroc≥aw;3;2;03.11.2018, 18:00;03.11.2018E.Leclerc Radomka Radom-3:2-#VolleyWroc≥aw;2018/2019
Developres SkyRes RzeszÛw;KSZO Ostrowiec;3;0;04.11.2018, 15:00;04.11.2018Developres SkyRes RzeszÛw-3:0-KSZO Ostrowiec;2018/2019
Developres SkyRes RzeszÛw;KSZO Ostrowiec;3;0;04.11.2018, 15:00;04.11.2018Developres SkyRes RzeszÛw-3:0-KSZO Ostrowiec;2018/2019
Enea PTPS Pi≥a;Grot Budowlani £Ûdü;1;3;02.11.2018, 18:00;02.11.2018Enea PTPS Pi≥a-1:3-Grot Budowlani £Ûdü;2018/2019
Enea PTPS Pi≥a;Grot Budowlani £Ûdü;1;3;02.11.2018, 18:00;02.11.2018Enea PTPS Pi≥a-1:3-Grot Budowlani £Ûdü;2018/2019
Energa MKS Kalisz;BKS PROFI CREDIT Bielsko-Bia≥a;3;2;03.11.2018, 18:30;03.11.2018Energa MKS Kalisz-3:2-BKS PROFI CREDIT Bielsko-Bia≥a;2018/2019
Energa MKS Kalisz;BKS PROFI CREDIT Bielsko-Bia≥a;3;2;03.11.2018, 18:30;03.11.2018Energa MKS Kalisz-3:2-BKS PROFI CREDIT Bielsko-Bia≥a;2018/2019
DPD Legionovia Legionowo;Energa MKS Kalisz;3;1;11.11.2018, 20:00;11.11.2018DPD Legionovia Legionowo-3:1-Energa MKS Kalisz;2018/2019
DPD Legionovia Legionowo;Energa MKS Kalisz;3;1;11.11.2018, 20:00;11.11.2018DPD Legionovia Legionowo-3:1-Energa MKS Kalisz;2018/2019
BKS PROFI CREDIT Bielsko-Bia≥a;Enea PTPS Pi≥a;3;0;09.11.2018, 18:00;09.11.2018BKS PROFI CREDIT Bielsko-Bia≥a-3:0-Enea PTPS Pi≥a;2018/2019
BKS PROFI CREDIT Bielsko-Bia≥a;Enea PTPS Pi≥a;3;0;09.11.2018, 18:00;09.11.2018BKS PROFI CREDIT Bielsko-Bia≥a-3:0-Enea PTPS Pi≥a;2018/2019
Grot Budowlani £Ûdü;Developres SkyRes RzeszÛw;3;2;10.11.2018, 17:00;10.11.2018Grot Budowlani £Ûdü-3:2-Developres SkyRes RzeszÛw;2018/2019
Grot Budowlani £Ûdü;Developres SkyRes RzeszÛw;3;2;10.11.2018, 17:00;10.11.2018Grot Budowlani £Ûdü-3:2-Developres SkyRes RzeszÛw;2018/2019
KSZO Ostrowiec;E.Leclerc Radomka Radom;3;1;09.11.2018, 18:00;09.11.2018KSZO Ostrowiec-3:1-E.Leclerc Radomka Radom;2018/2019
KSZO Ostrowiec;E.Leclerc Radomka Radom;3;1;09.11.2018, 18:00;09.11.2018KSZO Ostrowiec-3:1-E.Leclerc Radomka Radom;2018/2019
#VolleyWroc≥aw;£KS Commercecon £Ûdü;2;3;10.11.2018, 16:30;10.11.2018#VolleyWroc≥aw-2:3-£KS Commercecon £Ûdü;2018/2019
#VolleyWroc≥aw;£KS Commercecon £Ûdü;2;3;10.11.2018, 16:30;10.11.2018#VolleyWroc≥aw-2:3-£KS Commercecon £Ûdü;2018/2019
Bank Pocztowy Pa≥ac Bydgoszcz;Chemik Police;0;3;09.11.2018, 18:00;09.11.2018Bank Pocztowy Pa≥ac Bydgoszcz-0:3-Chemik Police;2018/2019
Bank Pocztowy Pa≥ac Bydgoszcz;Chemik Police;0;3;09.11.2018, 18:00;09.11.2018Bank Pocztowy Pa≥ac Bydgoszcz-0:3-Chemik Police;2018/2019
£KS Commercecon £Ûdü;DPD Legionovia Legionowo;3;0;14.11.2018, 18:00;14.11.2018£KS Commercecon £Ûdü-3:0-DPD Legionovia Legionowo;2018/2019
£KS Commercecon £Ûdü;DPD Legionovia Legionowo;3;0;14.11.2018, 18:00;14.11.2018£KS Commercecon £Ûdü-3:0-DPD Legionovia Legionowo;2018/2019
E.Leclerc Radomka Radom;Chemik Police;0;3;14.11.2018, 18:00;14.11.2018E.Leclerc Radomka Radom-0:3-Chemik Police;2018/2019
E.Leclerc Radomka Radom;Chemik Police;0;3;14.11.2018, 18:00;14.11.2018E.Leclerc Radomka Radom-0:3-Chemik Police;2018/2019
Developres SkyRes RzeszÛw;Bank Pocztowy Pa≥ac Bydgoszcz;3;1;14.11.2018, 18:00;14.11.2018Developres SkyRes RzeszÛw-3:1-Bank Pocztowy Pa≥ac Bydgoszcz;2018/2019
Developres SkyRes RzeszÛw;Bank Pocztowy Pa≥ac Bydgoszcz;3;1;14.11.2018, 18:00;14.11.2018Developres SkyRes RzeszÛw-3:1-Bank Pocztowy Pa≥ac Bydgoszcz;2018/2019
Enea PTPS Pi≥a;#VolleyWroc≥aw;3;2;14.11.2018, 20:30;14.11.2018Enea PTPS Pi≥a-3:2-#VolleyWroc≥aw;2018/2019
Enea PTPS Pi≥a;#VolleyWroc≥aw;3;2;14.11.2018, 20:30;14.11.2018Enea PTPS Pi≥a-3:2-#VolleyWroc≥aw;2018/2019
Energa MKS Kalisz;KSZO Ostrowiec;3;2;14.11.2018, 18:30;14.11.2018Energa MKS Kalisz-3:2-KSZO Ostrowiec;2018/2019
Energa MKS Kalisz;KSZO Ostrowiec;3;2;14.11.2018, 18:30;14.11.2018Energa MKS Kalisz-3:2-KSZO Ostrowiec;2018/2019
BKS PROFI CREDIT Bielsko-Bia≥a;Grot Budowlani £Ûdü;1;3;05.12.2018, 18:00;05.12.2018BKS PROFI CREDIT Bielsko-Bia≥a-1:3-Grot Budowlani £Ûdü;2018/2019
BKS PROFI CREDIT Bielsko-Bia≥a;Grot Budowlani £Ûdü;1;3;05.12.2018, 18:00;05.12.2018BKS PROFI CREDIT Bielsko-Bia≥a-1:3-Grot Budowlani £Ûdü;2018/2019
Grot Budowlani £Ûdü;DPD Legionovia Legionowo;3;2;18.11.2018, 17:00;18.11.2018Grot Budowlani £Ûdü-3:2-DPD Legionovia Legionowo;2018/2019
Grot Budowlani £Ûdü;DPD Legionovia Legionowo;3;2;18.11.2018, 17:00;18.11.2018Grot Budowlani £Ûdü-3:2-DPD Legionovia Legionowo;2018/2019
KSZO Ostrowiec;BKS PROFI CREDIT Bielsko-Bia≥a;1;3;19.11.2018, 20:30;19.11.2018KSZO Ostrowiec-1:3-BKS PROFI CREDIT Bielsko-Bia≥a;2018/2019
KSZO Ostrowiec;BKS PROFI CREDIT Bielsko-Bia≥a;1;3;19.11.2018, 20:30;19.11.2018KSZO Ostrowiec-1:3-BKS PROFI CREDIT Bielsko-Bia≥a;2018/2019
Energa MKS Kalisz;#VolleyWroc≥aw;0;3;17.11.2018, 14:00;17.11.2018Energa MKS Kalisz-0:3-#VolleyWroc≥aw;2018/2019
Energa MKS Kalisz;#VolleyWroc≥aw;0;3;17.11.2018, 14:00;17.11.2018Energa MKS Kalisz-0:3-#VolleyWroc≥aw;2018/2019
Bank Pocztowy Pa≥ac Bydgoszcz;Enea PTPS Pi≥a;3;2;18.11.2018, 17:00;18.11.2018Bank Pocztowy Pa≥ac Bydgoszcz-3:2-Enea PTPS Pi≥a;2018/2019
Bank Pocztowy Pa≥ac Bydgoszcz;Enea PTPS Pi≥a;3;2;18.11.2018, 17:00;18.11.2018Bank Pocztowy Pa≥ac Bydgoszcz-3:2-Enea PTPS Pi≥a;2018/2019
Chemik Police;Developres SkyRes RzeszÛw;3;0;17.11.2018, 20:00;17.11.2018Chemik Police-3:0-Developres SkyRes RzeszÛw;2018/2019
Chemik Police;Developres SkyRes RzeszÛw;3;0;17.11.2018, 20:00;17.11.2018Chemik Police-3:0-Developres SkyRes RzeszÛw;2018/2019
£KS Commercecon £Ûdü;E.Leclerc Radomka Radom;3;0;17.11.2018, 18:00;17.11.2018£KS Commercecon £Ûdü-3:0-E.Leclerc Radomka Radom;2018/2019
£KS Commercecon £Ûdü;E.Leclerc Radomka Radom;3;0;17.11.2018, 18:00;17.11.2018£KS Commercecon £Ûdü-3:0-E.Leclerc Radomka Radom;2018/2019
E.Leclerc Radomka Radom;DPD Legionovia Legionowo;2;3;21.11.2018, 18:00;21.11.2018E.Leclerc Radomka Radom-2:3-DPD Legionovia Legionowo;2018/2019
E.Leclerc Radomka Radom;DPD Legionovia Legionowo;2;3;21.11.2018, 18:00;21.11.2018E.Leclerc Radomka Radom-2:3-DPD Legionovia Legionowo;2018/2019
Developres SkyRes RzeszÛw;£KS Commercecon £Ûdü;3;2;24.11.2018, 20:00;24.11.2018Developres SkyRes RzeszÛw-3:2-£KS Commercecon £Ûdü;2018/2019
Developres SkyRes RzeszÛw;£KS Commercecon £Ûdü;3;2;24.11.2018, 20:00;24.11.2018Developres SkyRes RzeszÛw-3:2-£KS Commercecon £Ûdü;2018/2019
Enea PTPS Pi≥a;Chemik Police;1;3;24.11.2018, 17:00;24.11.2018Enea PTPS Pi≥a-1:3-Chemik Police;2018/2019
Enea PTPS Pi≥a;Chemik Police;1;3;24.11.2018, 17:00;24.11.2018Enea PTPS Pi≥a-1:3-Chemik Police;2018/2019
Energa MKS Kalisz;Bank Pocztowy Pa≥ac Bydgoszcz;0;3;24.11.2018, 18:30;24.11.2018Energa MKS Kalisz-0:3-Bank Pocztowy Pa≥ac Bydgoszcz;2018/2019
Energa MKS Kalisz;Bank Pocztowy Pa≥ac Bydgoszcz;0;3;24.11.2018, 18:30;24.11.2018Energa MKS Kalisz-0:3-Bank Pocztowy Pa≥ac Bydgoszcz;2018/2019
BKS PROFI CREDIT Bielsko-Bia≥a;#VolleyWroc≥aw;3;0;25.11.2018, 17:30;25.11.2018BKS PROFI CREDIT Bielsko-Bia≥a-3:0-#VolleyWroc≥aw;2018/2019
BKS PROFI CREDIT Bielsko-Bia≥a;#VolleyWroc≥aw;3;0;25.11.2018, 17:30;25.11.2018BKS PROFI CREDIT Bielsko-Bia≥a-3:0-#VolleyWroc≥aw;2018/2019
Grot Budowlani £Ûdü;KSZO Ostrowiec;3;0;25.11.2018, 17:00;25.11.2018Grot Budowlani £Ûdü-3:0-KSZO Ostrowiec;2018/2019
Grot Budowlani £Ûdü;KSZO Ostrowiec;3;0;25.11.2018, 17:00;25.11.2018Grot Budowlani £Ûdü-3:0-KSZO Ostrowiec;2018/2019
DPD Legionovia Legionowo;KSZO Ostrowiec;3;0;28.11.2018, 19:00;28.11.2018DPD Legionovia Legionowo-3:0-KSZO Ostrowiec;2018/2019
DPD Legionovia Legionowo;KSZO Ostrowiec;3;0;28.11.2018, 19:00;28.11.2018DPD Legionovia Legionowo-3:0-KSZO Ostrowiec;2018/2019
#VolleyWroc≥aw;Grot Budowlani £Ûdü;0;3;28.11.2018, 18:00;28.11.2018#VolleyWroc≥aw-0:3-Grot Budowlani £Ûdü;2018/2019
#VolleyWroc≥aw;Grot Budowlani £Ûdü;0;3;28.11.2018, 18:00;28.11.2018#VolleyWroc≥aw-0:3-Grot Budowlani £Ûdü;2018/2019
Bank Pocztowy Pa≥ac Bydgoszcz;BKS PROFI CREDIT Bielsko-Bia≥a;3;0;28.11.2018, 18:00;28.11.2018Bank Pocztowy Pa≥ac Bydgoszcz-3:0-BKS PROFI CREDIT Bielsko-Bia≥a;2018/2019
Bank Pocztowy Pa≥ac Bydgoszcz;BKS PROFI CREDIT Bielsko-Bia≥a;3;0;28.11.2018, 18:00;28.11.2018Bank Pocztowy Pa≥ac Bydgoszcz-3:0-BKS PROFI CREDIT Bielsko-Bia≥a;2018/2019
Chemik Police;Energa MKS Kalisz;3;1;28.11.2018, 18:00;28.11.2018Chemik Police-3:1-Energa MKS Kalisz;2018/2019
Chemik Police;Energa MKS Kalisz;3;1;28.11.2018, 18:00;28.11.2018Chemik Police-3:1-Energa MKS Kalisz;2018/2019
£KS Commercecon £Ûdü;Enea PTPS Pi≥a;3;0;28.11.2018, 18:00;28.11.2018£KS Commercecon £Ûdü-3:0-Enea PTPS Pi≥a;2018/2019
£KS Commercecon £Ûdü;Enea PTPS Pi≥a;3;0;28.11.2018, 18:00;28.11.2018£KS Commercecon £Ûdü-3:0-Enea PTPS Pi≥a;2018/2019
E.Leclerc Radomka Radom;Developres SkyRes RzeszÛw;1;3;28.11.2018, 18:00;28.11.2018E.Leclerc Radomka Radom-1:3-Developres SkyRes RzeszÛw;2018/2019
E.Leclerc Radomka Radom;Developres SkyRes RzeszÛw;1;3;28.11.2018, 18:00;28.11.2018E.Leclerc Radomka Radom-1:3-Developres SkyRes RzeszÛw;2018/2019
Developres SkyRes RzeszÛw;DPD Legionovia Legionowo;3;0;01.12.2018, 17:00;01.12.2018Developres SkyRes RzeszÛw-3:0-DPD Legionovia Legionowo;2018/2019
Developres SkyRes RzeszÛw;DPD Legionovia Legionowo;3;0;01.12.2018, 17:00;01.12.2018Developres SkyRes RzeszÛw-3:0-DPD Legionovia Legionowo;2018/2019
Enea PTPS Pi≥a;E.Leclerc Radomka Radom;3;1;03.12.2018, 17:30;03.12.2018Enea PTPS Pi≥a-3:1-E.Leclerc Radomka Radom;2018/2019
Enea PTPS Pi≥a;E.Leclerc Radomka Radom;3;1;03.12.2018, 17:30;03.12.2018Enea PTPS Pi≥a-3:1-E.Leclerc Radomka Radom;2018/2019
Energa MKS Kalisz;£KS Commercecon £Ûdü;1;3;01.12.2018, 18:30;01.12.2018Energa MKS Kalisz-1:3-£KS Commercecon £Ûdü;2018/2019
Energa MKS Kalisz;£KS Commercecon £Ûdü;1;3;01.12.2018, 18:30;01.12.2018Energa MKS Kalisz-1:3-£KS Commercecon £Ûdü;2018/2019
BKS PROFI CREDIT Bielsko-Bia≥a;Chemik Police;0;3;02.12.2018, 18:00;02.12.2018BKS PROFI CREDIT Bielsko-Bia≥a-0:3-Chemik Police;2018/2019
BKS PROFI CREDIT Bielsko-Bia≥a;Chemik Police;0;3;02.12.2018, 18:00;02.12.2018BKS PROFI CREDIT Bielsko-Bia≥a-0:3-Chemik Police;2018/2019
Grot Budowlani £Ûdü;Bank Pocztowy Pa≥ac Bydgoszcz;1;3;02.12.2018, 14:45;02.12.2018Grot Budowlani £Ûdü-1:3-Bank Pocztowy Pa≥ac Bydgoszcz;2018/2019
Grot Budowlani £Ûdü;Bank Pocztowy Pa≥ac Bydgoszcz;1;3;02.12.2018, 14:45;02.12.2018Grot Budowlani £Ûdü-1:3-Bank Pocztowy Pa≥ac Bydgoszcz;2018/2019
KSZO Ostrowiec;#VolleyWroc≥aw;3;1;01.12.2018, 17:00;01.12.2018KSZO Ostrowiec-3:1-#VolleyWroc≥aw;2018/2019
KSZO Ostrowiec;#VolleyWroc≥aw;3;1;01.12.2018, 17:00;01.12.2018KSZO Ostrowiec-3:1-#VolleyWroc≥aw;2018/2019
DPD Legionovia Legionowo;#VolleyWroc≥aw;2;3;08.12.2018, 18:00;08.12.2018DPD Legionovia Legionowo-2:3-#VolleyWroc≥aw;2018/2019
DPD Legionovia Legionowo;#VolleyWroc≥aw;2;3;08.12.2018, 18:00;08.12.2018DPD Legionovia Legionowo-2:3-#VolleyWroc≥aw;2018/2019
Bank Pocztowy Pa≥ac Bydgoszcz;KSZO Ostrowiec;3;0;09.12.2018, 16:00;09.12.2018Bank Pocztowy Pa≥ac Bydgoszcz-3:0-KSZO Ostrowiec;2018/2019
Bank Pocztowy Pa≥ac Bydgoszcz;KSZO Ostrowiec;3;0;09.12.2018, 16:00;09.12.2018Bank Pocztowy Pa≥ac Bydgoszcz-3:0-KSZO Ostrowiec;2018/2019
Chemik Police;Grot Budowlani £Ûdü;2;3;09.12.2018, 20:30;09.12.2018Chemik Police-2:3-Grot Budowlani £Ûdü;2018/2019
Chemik Police;Grot Budowlani £Ûdü;2;3;09.12.2018, 20:30;09.12.2018Chemik Police-2:3-Grot Budowlani £Ûdü;2018/2019
£KS Commercecon £Ûdü;BKS PROFI CREDIT Bielsko-Bia≥a;3;0;08.12.2018, 16:00;08.12.2018£KS Commercecon £Ûdü-3:0-BKS PROFI CREDIT Bielsko-Bia≥a;2018/2019
£KS Commercecon £Ûdü;BKS PROFI CREDIT Bielsko-Bia≥a;3;0;08.12.2018, 16:00;08.12.2018£KS Commercecon £Ûdü-3:0-BKS PROFI CREDIT Bielsko-Bia≥a;2018/2019
E.Leclerc Radomka Radom;Energa MKS Kalisz;3;0;07.12.2018, 17:30;07.12.2018E.Leclerc Radomka Radom-3:0-Energa MKS Kalisz;2018/2019
E.Leclerc Radomka Radom;Energa MKS Kalisz;3;0;07.12.2018, 17:30;07.12.2018E.Leclerc Radomka Radom-3:0-Energa MKS Kalisz;2018/2019
Developres SkyRes RzeszÛw;Enea PTPS Pi≥a;3;2;08.12.2018, 17:00;08.12.2018Developres SkyRes RzeszÛw-3:2-Enea PTPS Pi≥a;2018/2019
Developres SkyRes RzeszÛw;Enea PTPS Pi≥a;3;2;08.12.2018, 17:00;08.12.2018Developres SkyRes RzeszÛw-3:2-Enea PTPS Pi≥a;2018/2019
Enea PTPS Pi≥a;DPD Legionovia Legionowo;0;3;11.12.2018, 18:00;11.12.2018Enea PTPS Pi≥a-0:3-DPD Legionovia Legionowo;2018/2019
Enea PTPS Pi≥a;DPD Legionovia Legionowo;0;3;11.12.2018, 18:00;11.12.2018Enea PTPS Pi≥a-0:3-DPD Legionovia Legionowo;2018/2019
Energa MKS Kalisz;Developres SkyRes RzeszÛw;0;3;12.12.2018, 18:30;12.12.2018Energa MKS Kalisz-0:3-Developres SkyRes RzeszÛw;2018/2019
Energa MKS Kalisz;Developres SkyRes RzeszÛw;0;3;12.12.2018, 18:30;12.12.2018Energa MKS Kalisz-0:3-Developres SkyRes RzeszÛw;2018/2019
BKS PROFI CREDIT Bielsko-Bia≥a;E.Leclerc Radomka Radom;1;3;12.12.2018, 18:00;12.12.2018BKS PROFI CREDIT Bielsko-Bia≥a-1:3-E.Leclerc Radomka Radom;2018/2019
BKS PROFI CREDIT Bielsko-Bia≥a;E.Leclerc Radomka Radom;1;3;12.12.2018, 18:00;12.12.2018BKS PROFI CREDIT Bielsko-Bia≥a-1:3-E.Leclerc Radomka Radom;2018/2019
Grot Budowlani £Ûdü;£KS Commercecon £Ûdü;1;3;13.12.2018, 20:30;13.12.2018Grot Budowlani £Ûdü-1:3-£KS Commercecon £Ûdü;2018/2019
Grot Budowlani £Ûdü;£KS Commercecon £Ûdü;1;3;13.12.2018, 20:30;13.12.2018Grot Budowlani £Ûdü-1:3-£KS Commercecon £Ûdü;2018/2019
KSZO Ostrowiec;Chemik Police;0;3;12.12.2018, 18:00;12.12.2018KSZO Ostrowiec-0:3-Chemik Police;2018/2019
KSZO Ostrowiec;Chemik Police;0;3;12.12.2018, 18:00;12.12.2018KSZO Ostrowiec-0:3-Chemik Police;2018/2019
#VolleyWroc≥aw;Bank Pocztowy Pa≥ac Bydgoszcz;1;3;12.12.2018, 18:00;12.12.2018#VolleyWroc≥aw-1:3-Bank Pocztowy Pa≥ac Bydgoszcz;2018/2019
#VolleyWroc≥aw;Bank Pocztowy Pa≥ac Bydgoszcz;1;3;12.12.2018, 18:00;12.12.2018#VolleyWroc≥aw-1:3-Bank Pocztowy Pa≥ac Bydgoszcz;2018/2019
DPD Legionovia Legionowo;Bank Pocztowy Pa≥ac Bydgoszcz;3;2;15.12.2018, 18:00;15.12.2018DPD Legionovia Legionowo-3:2-Bank Pocztowy Pa≥ac Bydgoszcz;2018/2019
DPD Legionovia Legionowo;Bank Pocztowy Pa≥ac Bydgoszcz;3;2;15.12.2018, 18:00;15.12.2018DPD Legionovia Legionowo-3:2-Bank Pocztowy Pa≥ac Bydgoszcz;2018/2019
Chemik Police;#VolleyWroc≥aw;3;0;15.12.2018, 18:00;15.12.2018Chemik Police-3:0-#VolleyWroc≥aw;2018/2019
Chemik Police;#VolleyWroc≥aw;3;0;15.12.2018, 18:00;15.12.2018Chemik Police-3:0-#VolleyWroc≥aw;2018/2019
£KS Commercecon £Ûdü;KSZO Ostrowiec;3;0;15.12.2018, 20:00;15.12.2018£KS Commercecon £Ûdü-3:0-KSZO Ostrowiec;2018/2019
£KS Commercecon £Ûdü;KSZO Ostrowiec;3;0;15.12.2018, 20:00;15.12.2018£KS Commercecon £Ûdü-3:0-KSZO Ostrowiec;2018/2019
E.Leclerc Radomka Radom;Grot Budowlani £Ûdü;2;3;16.12.2018, 16:00;16.12.2018E.Leclerc Radomka Radom-2:3-Grot Budowlani £Ûdü;2018/2019
E.Leclerc Radomka Radom;Grot Budowlani £Ûdü;2;3;16.12.2018, 16:00;16.12.2018E.Leclerc Radomka Radom-2:3-Grot Budowlani £Ûdü;2018/2019
Developres SkyRes RzeszÛw;BKS PROFI CREDIT Bielsko-Bia≥a;3;0;17.12.2018, 20:30;17.12.2018Developres SkyRes RzeszÛw-3:0-BKS PROFI CREDIT Bielsko-Bia≥a;2018/2019
Developres SkyRes RzeszÛw;BKS PROFI CREDIT Bielsko-Bia≥a;3;0;17.12.2018, 20:30;17.12.2018Developres SkyRes RzeszÛw-3:0-BKS PROFI CREDIT Bielsko-Bia≥a;2018/2019
Enea PTPS Pi≥a;Energa MKS Kalisz;3;2;14.12.2018, 17:30;14.12.2018Enea PTPS Pi≥a-3:2-Energa MKS Kalisz;2018/2019
Enea PTPS Pi≥a;Energa MKS Kalisz;3;2;14.12.2018, 17:30;14.12.2018Enea PTPS Pi≥a-3:2-Energa MKS Kalisz;2018/2019
BKS PROFI CREDIT Bielsko-Bia≥a;DPD Legionovia Legionowo;3;1;22.12.2018, 18:00;22.12.2018BKS PROFI CREDIT Bielsko-Bia≥a-3:1-DPD Legionovia Legionowo;2018/2019
BKS PROFI CREDIT Bielsko-Bia≥a;DPD Legionovia Legionowo;3;1;22.12.2018, 18:00;22.12.2018BKS PROFI CREDIT Bielsko-Bia≥a-3:1-DPD Legionovia Legionowo;2018/2019
Grot Budowlani £Ûdü;Energa MKS Kalisz;3;0;23.12.2018, 14:30;23.12.2018Grot Budowlani £Ûdü-3:0-Energa MKS Kalisz;2018/2019
Grot Budowlani £Ûdü;Energa MKS Kalisz;3;0;23.12.2018, 14:30;23.12.2018Grot Budowlani £Ûdü-3:0-Energa MKS Kalisz;2018/2019
KSZO Ostrowiec;Enea PTPS Pi≥a;1;3;22.12.2018, 17:00;22.12.2018KSZO Ostrowiec-1:3-Enea PTPS Pi≥a;2018/2019
KSZO Ostrowiec;Enea PTPS Pi≥a;1;3;22.12.2018, 17:00;22.12.2018KSZO Ostrowiec-1:3-Enea PTPS Pi≥a;2018/2019
Developres SkyRes RzeszÛw;#VolleyWroc≥aw;3;0;22.12.2018, 17:00;22.12.2018Developres SkyRes RzeszÛw-3:0-#VolleyWroc≥aw;2018/2019
Developres SkyRes RzeszÛw;#VolleyWroc≥aw;3;0;22.12.2018, 17:00;22.12.2018Developres SkyRes RzeszÛw-3:0-#VolleyWroc≥aw;2018/2019
Bank Pocztowy Pa≥ac Bydgoszcz;E.Leclerc Radomka Radom;3;1;22.12.2018, 18:30;22.12.2018Bank Pocztowy Pa≥ac Bydgoszcz-3:1-E.Leclerc Radomka Radom;2018/2019
Bank Pocztowy Pa≥ac Bydgoszcz;E.Leclerc Radomka Radom;3;1;22.12.2018, 18:30;22.12.2018Bank Pocztowy Pa≥ac Bydgoszcz-3:1-E.Leclerc Radomka Radom;2018/2019
Chemik Police;£KS Commercecon £Ûdü;3;0;23.12.2018, 14:45;23.12.2018Chemik Police-3:0-£KS Commercecon £Ûdü;2018/2019
Chemik Police;£KS Commercecon £Ûdü;3;0;23.12.2018, 14:45;23.12.2018Chemik Police-3:0-£KS Commercecon £Ûdü;2018/2019
DPD Legionovia Legionowo;Chemik Police;1;3;05.01.2019, 14:45;05.01.2019DPD Legionovia Legionowo-1:3-Chemik Police;2019/2020
DPD Legionovia Legionowo;Chemik Police;1;3;05.01.2019, 14:45;05.01.2019DPD Legionovia Legionowo-1:3-Chemik Police;2019/2020
Bank Pocztowy Pa≥ac Bydgoszcz;£KS Commercecon £Ûdü;3;1;04.01.2019, 17:30;04.01.2019Bank Pocztowy Pa≥ac Bydgoszcz-3:1-£KS Commercecon £Ûdü;2019/2020
Bank Pocztowy Pa≥ac Bydgoszcz;£KS Commercecon £Ûdü;3;1;04.01.2019, 17:30;04.01.2019Bank Pocztowy Pa≥ac Bydgoszcz-3:1-£KS Commercecon £Ûdü;2019/2020
#VolleyWroc≥aw;E.Leclerc Radomka Radom;1;3;06.01.2019, 14:45;06.01.2019#VolleyWroc≥aw-1:3-E.Leclerc Radomka Radom;2019/2020
#VolleyWroc≥aw;E.Leclerc Radomka Radom;1;3;06.01.2019, 14:45;06.01.2019#VolleyWroc≥aw-1:3-E.Leclerc Radomka Radom;2019/2020
KSZO Ostrowiec;Developres SkyRes RzeszÛw;0;3;13.02.2019, 18:00;13.02.2019KSZO Ostrowiec-0:3-Developres SkyRes RzeszÛw;2019/2020
KSZO Ostrowiec;Developres SkyRes RzeszÛw;0;3;13.02.2019, 18:00;13.02.2019KSZO Ostrowiec-0:3-Developres SkyRes RzeszÛw;2019/2020
Grot Budowlani £Ûdü;Enea PTPS Pi≥a;3;1;05.03.2019, 18:00;05.03.2019Grot Budowlani £Ûdü-3:1-Enea PTPS Pi≥a;2019/2020
Grot Budowlani £Ûdü;Enea PTPS Pi≥a;3;1;05.03.2019, 18:00;05.03.2019Grot Budowlani £Ûdü-3:1-Enea PTPS Pi≥a;2019/2020
BKS PROFI CREDIT Bielsko-Bia≥a;Energa MKS Kalisz;3;1;29.12.2018, 20:30;29.12.2018BKS PROFI CREDIT Bielsko-Bia≥a-3:1-Energa MKS Kalisz;2018/2019
BKS PROFI CREDIT Bielsko-Bia≥a;Energa MKS Kalisz;3;1;29.12.2018, 20:30;29.12.2018BKS PROFI CREDIT Bielsko-Bia≥a-3:1-Energa MKS Kalisz;2018/2019
Energa MKS Kalisz;DPD Legionovia Legionowo;3;1;11.01.2019, 18:30;11.01.2019Energa MKS Kalisz-3:1-DPD Legionovia Legionowo;2019/2020
Energa MKS Kalisz;DPD Legionovia Legionowo;3;1;11.01.2019, 18:30;11.01.2019Energa MKS Kalisz-3:1-DPD Legionovia Legionowo;2019/2020
Enea PTPS Pi≥a;BKS PROFI CREDIT Bielsko-Bia≥a;0;3;10.03.2019, 18:00;10.03.2019Enea PTPS Pi≥a-0:3-BKS PROFI CREDIT Bielsko-Bia≥a;2019/2020
Enea PTPS Pi≥a;BKS PROFI CREDIT Bielsko-Bia≥a;0;3;10.03.2019, 18:00;10.03.2019Enea PTPS Pi≥a-0:3-BKS PROFI CREDIT Bielsko-Bia≥a;2019/2020
Developres SkyRes RzeszÛw;Grot Budowlani £Ûdü;2;3;13.01.2019, 17:30;13.01.2019Developres SkyRes RzeszÛw-2:3-Grot Budowlani £Ûdü;2019/2020
Developres SkyRes RzeszÛw;Grot Budowlani £Ûdü;2;3;13.01.2019, 17:30;13.01.2019Developres SkyRes RzeszÛw-2:3-Grot Budowlani £Ûdü;2019/2020
E.Leclerc Radomka Radom;KSZO Ostrowiec;3;0;30.01.2019, 17:30;30.01.2019E.Leclerc Radomka Radom-3:0-KSZO Ostrowiec;2019/2020
E.Leclerc Radomka Radom;KSZO Ostrowiec;3;0;30.01.2019, 17:30;30.01.2019E.Leclerc Radomka Radom-3:0-KSZO Ostrowiec;2019/2020
£KS Commercecon £Ûdü;#VolleyWroc≥aw;3;1;11.01.2019, 18:00;11.01.2019£KS Commercecon £Ûdü-3:1-#VolleyWroc≥aw;2019/2020
£KS Commercecon £Ûdü;#VolleyWroc≥aw;3;1;11.01.2019, 18:00;11.01.2019£KS Commercecon £Ûdü-3:1-#VolleyWroc≥aw;2019/2020
Chemik Police;Bank Pocztowy Pa≥ac Bydgoszcz;3;0;12.01.2019, 18:00;12.01.2019Chemik Police-3:0-Bank Pocztowy Pa≥ac Bydgoszcz;2019/2020
Chemik Police;Bank Pocztowy Pa≥ac Bydgoszcz;3;0;12.01.2019, 18:00;12.01.2019Chemik Police-3:0-Bank Pocztowy Pa≥ac Bydgoszcz;2019/2020
DPD Legionovia Legionowo;£KS Commercecon £Ûdü;0;3;16.01.2019, 17:30;16.01.2019DPD Legionovia Legionowo-0:3-£KS Commercecon £Ûdü;2019/2020
DPD Legionovia Legionowo;£KS Commercecon £Ûdü;0;3;16.01.2019, 17:30;16.01.2019DPD Legionovia Legionowo-0:3-£KS Commercecon £Ûdü;2019/2020
Chemik Police;E.Leclerc Radomka Radom;3;0;16.01.2019, 18:00;16.01.2019Chemik Police-3:0-E.Leclerc Radomka Radom;2019/2020
Chemik Police;E.Leclerc Radomka Radom;3;0;16.01.2019, 18:00;16.01.2019Chemik Police-3:0-E.Leclerc Radomka Radom;2019/2020
Bank Pocztowy Pa≥ac Bydgoszcz;Developres SkyRes RzeszÛw;2;3;16.01.2019, 18:00;16.01.2019Bank Pocztowy Pa≥ac Bydgoszcz-2:3-Developres SkyRes RzeszÛw;2019/2020
Bank Pocztowy Pa≥ac Bydgoszcz;Developres SkyRes RzeszÛw;2;3;16.01.2019, 18:00;16.01.2019Bank Pocztowy Pa≥ac Bydgoszcz-2:3-Developres SkyRes RzeszÛw;2019/2020
#VolleyWroc≥aw;Enea PTPS Pi≥a;1;3;16.01.2019, 18:00;16.01.2019#VolleyWroc≥aw-1:3-Enea PTPS Pi≥a;2019/2020
#VolleyWroc≥aw;Enea PTPS Pi≥a;1;3;16.01.2019, 18:00;16.01.2019#VolleyWroc≥aw-1:3-Enea PTPS Pi≥a;2019/2020
KSZO Ostrowiec;Energa MKS Kalisz;0;3;12.03.2019, 18:00;12.03.2019KSZO Ostrowiec-0:3-Energa MKS Kalisz;2019/2020
KSZO Ostrowiec;Energa MKS Kalisz;0;3;12.03.2019, 18:00;12.03.2019KSZO Ostrowiec-0:3-Energa MKS Kalisz;2019/2020
Grot Budowlani £Ûdü;BKS PROFI CREDIT Bielsko-Bia≥a;0;3;16.01.2019, 18:00;16.01.2019Grot Budowlani £Ûdü-0:3-BKS PROFI CREDIT Bielsko-Bia≥a;2019/2020
Grot Budowlani £Ûdü;BKS PROFI CREDIT Bielsko-Bia≥a;0;3;16.01.2019, 18:00;16.01.2019Grot Budowlani £Ûdü-0:3-BKS PROFI CREDIT Bielsko-Bia≥a;2019/2020
DPD Legionovia Legionowo;Grot Budowlani £Ûdü;0;3;19.01.2019, 18:00;19.01.2019DPD Legionovia Legionowo-0:3-Grot Budowlani £Ûdü;2019/2020
DPD Legionovia Legionowo;Grot Budowlani £Ûdü;0;3;19.01.2019, 18:00;19.01.2019DPD Legionovia Legionowo-0:3-Grot Budowlani £Ûdü;2019/2020
BKS PROFI CREDIT Bielsko-Bia≥a;KSZO Ostrowiec;3;0;20.01.2019, 18:00;20.01.2019BKS PROFI CREDIT Bielsko-Bia≥a-3:0-KSZO Ostrowiec;2019/2020
BKS PROFI CREDIT Bielsko-Bia≥a;KSZO Ostrowiec;3;0;20.01.2019, 18:00;20.01.2019BKS PROFI CREDIT Bielsko-Bia≥a-3:0-KSZO Ostrowiec;2019/2020
#VolleyWroc≥aw;Energa MKS Kalisz;3;2;20.01.2019, 17:00;20.01.2019#VolleyWroc≥aw-3:2-Energa MKS Kalisz;2019/2020
#VolleyWroc≥aw;Energa MKS Kalisz;3;2;20.01.2019, 17:00;20.01.2019#VolleyWroc≥aw-3:2-Energa MKS Kalisz;2019/2020
Enea PTPS Pi≥a;Bank Pocztowy Pa≥ac Bydgoszcz;2;3;21.01.2019, 17:30;21.01.2019Enea PTPS Pi≥a-2:3-Bank Pocztowy Pa≥ac Bydgoszcz;2019/2020
Enea PTPS Pi≥a;Bank Pocztowy Pa≥ac Bydgoszcz;2;3;21.01.2019, 17:30;21.01.2019Enea PTPS Pi≥a-2:3-Bank Pocztowy Pa≥ac Bydgoszcz;2019/2020
Developres SkyRes RzeszÛw;Chemik Police;3;1;20.01.2019, 18:00;20.01.2019Developres SkyRes RzeszÛw-3:1-Chemik Police;2019/2020
Developres SkyRes RzeszÛw;Chemik Police;3;1;20.01.2019, 18:00;20.01.2019Developres SkyRes RzeszÛw-3:1-Chemik Police;2019/2020
E.Leclerc Radomka Radom;£KS Commercecon £Ûdü;0;3;19.01.2019, 17:30;19.01.2019E.Leclerc Radomka Radom-0:3-£KS Commercecon £Ûdü;2019/2020
E.Leclerc Radomka Radom;£KS Commercecon £Ûdü;0;3;19.01.2019, 17:30;19.01.2019E.Leclerc Radomka Radom-0:3-£KS Commercecon £Ûdü;2019/2020
DPD Legionovia Legionowo;E.Leclerc Radomka Radom;0;3;25.01.2019, 17:30;25.01.2019DPD Legionovia Legionowo-0:3-E.Leclerc Radomka Radom;2019/2020
DPD Legionovia Legionowo;E.Leclerc Radomka Radom;0;3;25.01.2019, 17:30;25.01.2019DPD Legionovia Legionowo-0:3-E.Leclerc Radomka Radom;2019/2020
£KS Commercecon £Ûdü;Developres SkyRes RzeszÛw;0;3;27.01.2019, 20:30;27.01.2019£KS Commercecon £Ûdü-0:3-Developres SkyRes RzeszÛw;2019/2020
£KS Commercecon £Ûdü;Developres SkyRes RzeszÛw;0;3;27.01.2019, 20:30;27.01.2019£KS Commercecon £Ûdü-0:3-Developres SkyRes RzeszÛw;2019/2020
Chemik Police;Enea PTPS Pi≥a;3;0;26.01.2019, 18:00;26.01.2019Chemik Police-3:0-Enea PTPS Pi≥a;2019/2020
Chemik Police;Enea PTPS Pi≥a;3;0;26.01.2019, 18:00;26.01.2019Chemik Police-3:0-Enea PTPS Pi≥a;2019/2020
Bank Pocztowy Pa≥ac Bydgoszcz;Energa MKS Kalisz;1;3;25.01.2019, 20:30;25.01.2019Bank Pocztowy Pa≥ac Bydgoszcz-1:3-Energa MKS Kalisz;2019/2020
Bank Pocztowy Pa≥ac Bydgoszcz;Energa MKS Kalisz;1;3;25.01.2019, 20:30;25.01.2019Bank Pocztowy Pa≥ac Bydgoszcz-1:3-Energa MKS Kalisz;2019/2020
#VolleyWroc≥aw;BKS PROFI CREDIT Bielsko-Bia≥a;2;3;27.01.2019, 20:00;27.01.2019#VolleyWroc≥aw-2:3-BKS PROFI CREDIT Bielsko-Bia≥a;2019/2020
#VolleyWroc≥aw;BKS PROFI CREDIT Bielsko-Bia≥a;2;3;27.01.2019, 20:00;27.01.2019#VolleyWroc≥aw-2:3-BKS PROFI CREDIT Bielsko-Bia≥a;2019/2020
KSZO Ostrowiec;Grot Budowlani £Ûdü;0;3;27.01.2019, 17:00;27.01.2019KSZO Ostrowiec-0:3-Grot Budowlani £Ûdü;2019/2020
KSZO Ostrowiec;Grot Budowlani £Ûdü;0;3;27.01.2019, 17:00;27.01.2019KSZO Ostrowiec-0:3-Grot Budowlani £Ûdü;2019/2020
KSZO Ostrowiec;DPD Legionovia Legionowo;0;3;04.02.2019, 20:30;04.02.2019KSZO Ostrowiec-0:3-DPD Legionovia Legionowo;2019/2020
KSZO Ostrowiec;DPD Legionovia Legionowo;0;3;04.02.2019, 20:30;04.02.2019KSZO Ostrowiec-0:3-DPD Legionovia Legionowo;2019/2020
Grot Budowlani £Ûdü;#VolleyWroc≥aw;3;1;02.02.2019, 17:00;02.02.2019Grot Budowlani £Ûdü-3:1-#VolleyWroc≥aw;2019/2020
Grot Budowlani £Ûdü;#VolleyWroc≥aw;3;1;02.02.2019, 17:00;02.02.2019Grot Budowlani £Ûdü-3:1-#VolleyWroc≥aw;2019/2020
BKS PROFI CREDIT Bielsko-Bia≥a;Bank Pocztowy Pa≥ac Bydgoszcz;0;3;04.02.2019, 17:30;04.02.2019BKS PROFI CREDIT Bielsko-Bia≥a-0:3-Bank Pocztowy Pa≥ac Bydgoszcz;2019/2020
BKS PROFI CREDIT Bielsko-Bia≥a;Bank Pocztowy Pa≥ac Bydgoszcz;0;3;04.02.2019, 17:30;04.02.2019BKS PROFI CREDIT Bielsko-Bia≥a-0:3-Bank Pocztowy Pa≥ac Bydgoszcz;2019/2020
Energa MKS Kalisz;Chemik Police;2;3;02.02.2019, 20:30;02.02.2019Energa MKS Kalisz-2:3-Chemik Police;2019/2020
Energa MKS Kalisz;Chemik Police;2;3;02.02.2019, 20:30;02.02.2019Energa MKS Kalisz-2:3-Chemik Police;2019/2020
Enea PTPS Pi≥a;£KS Commercecon £Ûdü;1;3;02.02.2019, 18:00;02.02.2019Enea PTPS Pi≥a-1:3-£KS Commercecon £Ûdü;2019/2020
Enea PTPS Pi≥a;£KS Commercecon £Ûdü;1;3;02.02.2019, 18:00;02.02.2019Enea PTPS Pi≥a-1:3-£KS Commercecon £Ûdü;2019/2020
Developres SkyRes RzeszÛw;E.Leclerc Radomka Radom;3;0;03.02.2019, 17:00;03.02.2019Developres SkyRes RzeszÛw-3:0-E.Leclerc Radomka Radom;2019/2020
Developres SkyRes RzeszÛw;E.Leclerc Radomka Radom;3;0;03.02.2019, 17:00;03.02.2019Developres SkyRes RzeszÛw-3:0-E.Leclerc Radomka Radom;2019/2020
DPD Legionovia Legionowo;Developres SkyRes RzeszÛw;0;3;08.02.2019, 20:30;08.02.2019DPD Legionovia Legionowo-0:3-Developres SkyRes RzeszÛw;2019/2020
DPD Legionovia Legionowo;Developres SkyRes RzeszÛw;0;3;08.02.2019, 20:30;08.02.2019DPD Legionovia Legionowo-0:3-Developres SkyRes RzeszÛw;2019/2020
E.Leclerc Radomka Radom;Enea PTPS Pi≥a;3;0;08.02.2019, 17:30;08.02.2019E.Leclerc Radomka Radom-3:0-Enea PTPS Pi≥a;2019/2020
E.Leclerc Radomka Radom;Enea PTPS Pi≥a;3;0;08.02.2019, 17:30;08.02.2019E.Leclerc Radomka Radom-3:0-Enea PTPS Pi≥a;2019/2020
£KS Commercecon £Ûdü;Energa MKS Kalisz;3;1;10.02.2019, 20:30;10.02.2019£KS Commercecon £Ûdü-3:1-Energa MKS Kalisz;2019/2020
£KS Commercecon £Ûdü;Energa MKS Kalisz;3;1;10.02.2019, 20:30;10.02.2019£KS Commercecon £Ûdü-3:1-Energa MKS Kalisz;2019/2020
Chemik Police;BKS PROFI CREDIT Bielsko-Bia≥a;3;0;09.02.2019, 18:00;09.02.2019Chemik Police-3:0-BKS PROFI CREDIT Bielsko-Bia≥a;2019/2020
Chemik Police;BKS PROFI CREDIT Bielsko-Bia≥a;3;0;09.02.2019, 18:00;09.02.2019Chemik Police-3:0-BKS PROFI CREDIT Bielsko-Bia≥a;2019/2020
Bank Pocztowy Pa≥ac Bydgoszcz;Grot Budowlani £Ûdü;0;3;11.02.2019, 17:30;11.02.2019Bank Pocztowy Pa≥ac Bydgoszcz-0:3-Grot Budowlani £Ûdü;2019/2020
Bank Pocztowy Pa≥ac Bydgoszcz;Grot Budowlani £Ûdü;0;3;11.02.2019, 17:30;11.02.2019Bank Pocztowy Pa≥ac Bydgoszcz-0:3-Grot Budowlani £Ûdü;2019/2020
#VolleyWroc≥aw;KSZO Ostrowiec;3;1;10.02.2019, 17:00;10.02.2019#VolleyWroc≥aw-3:1-KSZO Ostrowiec;2019/2020
#VolleyWroc≥aw;KSZO Ostrowiec;3;1;10.02.2019, 17:00;10.02.2019#VolleyWroc≥aw-3:1-KSZO Ostrowiec;2019/2020
#VolleyWroc≥aw;DPD Legionovia Legionowo;3;0;17.02.2019, 18:00;17.02.2019#VolleyWroc≥aw-3:0-DPD Legionovia Legionowo;2019/2020
#VolleyWroc≥aw;DPD Legionovia Legionowo;3;0;17.02.2019, 18:00;17.02.2019#VolleyWroc≥aw-3:0-DPD Legionovia Legionowo;2019/2020
KSZO Ostrowiec;Bank Pocztowy Pa≥ac Bydgoszcz;2;3;16.02.2019, 17:00;16.02.2019KSZO Ostrowiec-2:3-Bank Pocztowy Pa≥ac Bydgoszcz;2019/2020
KSZO Ostrowiec;Bank Pocztowy Pa≥ac Bydgoszcz;2;3;16.02.2019, 17:00;16.02.2019KSZO Ostrowiec-2:3-Bank Pocztowy Pa≥ac Bydgoszcz;2019/2020
Grot Budowlani £Ûdü;Chemik Police;2;3;15.02.2019, 20:30;15.02.2019Grot Budowlani £Ûdü-2:3-Chemik Police;2019/2020
Grot Budowlani £Ûdü;Chemik Police;2;3;15.02.2019, 20:30;15.02.2019Grot Budowlani £Ûdü-2:3-Chemik Police;2019/2020
BKS PROFI CREDIT Bielsko-Bia≥a;£KS Commercecon £Ûdü;3;0;15.02.2019, 18:00;15.02.2019BKS PROFI CREDIT Bielsko-Bia≥a-3:0-£KS Commercecon £Ûdü;2019/2020
BKS PROFI CREDIT Bielsko-Bia≥a;£KS Commercecon £Ûdü;3;0;15.02.2019, 18:00;15.02.2019BKS PROFI CREDIT Bielsko-Bia≥a-3:0-£KS Commercecon £Ûdü;2019/2020
Energa MKS Kalisz;E.Leclerc Radomka Radom;3;0;18.02.2019, 17:30;18.02.2019Energa MKS Kalisz-3:0-E.Leclerc Radomka Radom;2019/2020
Energa MKS Kalisz;E.Leclerc Radomka Radom;3;0;18.02.2019, 17:30;18.02.2019Energa MKS Kalisz-3:0-E.Leclerc Radomka Radom;2019/2020
Enea PTPS Pi≥a;Developres SkyRes RzeszÛw;0;3;17.02.2019, 18:00;17.02.2019Enea PTPS Pi≥a-0:3-Developres SkyRes RzeszÛw;2019/2020
Enea PTPS Pi≥a;Developres SkyRes RzeszÛw;0;3;17.02.2019, 18:00;17.02.2019Enea PTPS Pi≥a-0:3-Developres SkyRes RzeszÛw;2019/2020
DPD Legionovia Legionowo;Enea PTPS Pi≥a;0;3;23.02.2019, 18:00;23.02.2019DPD Legionovia Legionowo-0:3-Enea PTPS Pi≥a;2019/2020
DPD Legionovia Legionowo;Enea PTPS Pi≥a;0;3;23.02.2019, 18:00;23.02.2019DPD Legionovia Legionowo-0:3-Enea PTPS Pi≥a;2019/2020
Developres SkyRes RzeszÛw;Energa MKS Kalisz;3;0;24.02.2019, 17:00;24.02.2019Developres SkyRes RzeszÛw-3:0-Energa MKS Kalisz;2019/2020
Developres SkyRes RzeszÛw;Energa MKS Kalisz;3;0;24.02.2019, 17:00;24.02.2019Developres SkyRes RzeszÛw-3:0-Energa MKS Kalisz;2019/2020
E.Leclerc Radomka Radom;BKS PROFI CREDIT Bielsko-Bia≥a;2;3;22.02.2019, 17:30;22.02.2019E.Leclerc Radomka Radom-2:3-BKS PROFI CREDIT Bielsko-Bia≥a;2019/2020
E.Leclerc Radomka Radom;BKS PROFI CREDIT Bielsko-Bia≥a;2;3;22.02.2019, 17:30;22.02.2019E.Leclerc Radomka Radom-2:3-BKS PROFI CREDIT Bielsko-Bia≥a;2019/2020
£KS Commercecon £Ûdü;Grot Budowlani £Ûdü;2;3;23.02.2019, 17:30;23.02.2019£KS Commercecon £Ûdü-2:3-Grot Budowlani £Ûdü;2019/2020
