Nazwisko;Klub;Sezon
Natalia Gajewska;Atom Trefl Sopot;2013/2014
Mariola Zenik;Atom Trefl Sopot;2013/2014
Charlotte Leys;Atom Trefl Sopot;2013/2014
Izabela Be³cik;Atom Trefl Sopot;2013/2014
Judith Pietersen;Atom Trefl Sopot;2013/2014
Anna Miros;Atom Trefl Sopot;2013/2014
Julia Shelukhina;Atom Trefl Sopot;2013/2014
Zuzanna Efimienko-M³otkowska;Atom Trefl Sopot;2013/2014
Bri¿itka Molnar;Atom Trefl Sopot;2013/2014
Kimberly Hill;Atom Trefl Sopot;2013/2014
Justyna £ukasik;Atom Trefl Sopot;2013/2014
Magdalena Dzikowicz;Atom Trefl Sopot;2013/2014
Bojana Radulovic;Atom Trefl Sopot;2013/2014
Klaudia Kaczorowska;Atom Trefl Sopot;2013/2014
Magdalena Œliwa;Beef Master Budowlani £ódŸ;2013/2014
Tabitha Love;Beef Master Budowlani £ódŸ;2013/2014
Anita Kwiatkowska;Beef Master Budowlani £ódŸ;2013/2014
Dorota Œciurka;Beef Master Budowlani £ódŸ;2013/2014
Natalia Skrzypkowska;Beef Master Budowlani £ódŸ;2013/2014
Olga Trach;Beef Master Budowlani £ódŸ;2013/2014
Ewa Cabajewska;Beef Master Budowlani £ódŸ;2013/2014
Sylwia Pycia;Beef Master Budowlani £ódŸ;2013/2014
Martyna Grajber;Beef Master Budowlani £ódŸ;2013/2014
Noris Cabrera;Beef Master Budowlani £ódŸ;2013/2014
Agata Witkowska;Beef Master Budowlani £ódŸ;2013/2014
Aleksandra Sikorska;Beef Master Budowlani £ódŸ;2013/2014
Danijela Nikiæ;BKS Aluprof Bielsko-Bia³a;2013/2014
Helena Horka;BKS Aluprof Bielsko-Bia³a;2013/2014
Mariola Wojtowicz;BKS Aluprof Bielsko-Bia³a;2013/2014
Ma³gorzata Lis;BKS Aluprof Bielsko-Bia³a;2013/2014
Monika Czypiruk-Solarewicz;BKS Aluprof Bielsko-Bia³a;2013/2014
Karolina Ciaszkiewicz-Lach;BKS Aluprof Bielsko-Bia³a;2013/2014
Sylwia Pelc;BKS Aluprof Bielsko-Bia³a;2013/2014
Marta Szymañska;BKS Aluprof Bielsko-Bia³a;2013/2014
Aleksandra Trojan;BKS Aluprof Bielsko-Bia³a;2013/2014
Natalia Strózik;BKS Aluprof Bielsko-Bia³a;2013/2014
Heike Beier;BKS Aluprof Bielsko-Bia³a;2013/2014
Dorota Wilk;BKS Aluprof Bielsko-Bia³a;2013/2014
Joanna Prokop;BKS Aluprof Bielsko-Bia³a;2013/2014
Koleta £yszkiewicz;BKS Aluprof Bielsko-Bia³a;2013/2014
Katarzyna Mroczkowska;Impel Wroc³aw;2013/2014
Monika Ptak;Impel Wroc³aw;2013/2014
Katarzyna Konieczna;Impel Wroc³aw;2013/2014
Agnieszka Korneluk;Impel Wroc³aw;2013/2014
Frauke Dirickx;Impel Wroc³aw;2013/2014
Makare Wilson;Impel Wroc³aw;2013/2014
Bogumi³a Pyzio³ek;Impel Wroc³aw;2013/2014
Dorota Medyñska;Impel Wroc³aw;2013/2014
Kristen Dozier;Impel Wroc³aw;2013/2014
Magdalena Gryka;Impel Wroc³aw;2013/2014
Ewelina Brzeziñska;Impel Wroc³aw;2013/2014
Maren Brinker;Impel Wroc³aw;2013/2014
Patrycja Balmas;Impel Wroc³aw;2013/2014
Joanna Kaczor;Impel Wroc³aw;2013/2014
Anna Werbliñska;KPS Chemik Police;2013/2014
Dominika Sobolska;KPS Chemik Police;2013/2014
Katarzyna Gajga³-Anio³;KPS Chemik Police;2013/2014
Anna Grejman;KPS Chemik Police;2013/2014
Agnieszka Bednarek;KPS Chemik Police;2013/2014
Ma³gorzata Glinka-Mogentale;KPS Chemik Police;2013/2014
Aleksandra Krzos;KPS Chemik Police;2013/2014
Agata Sawicka;KPS Chemik Police;2013/2014
Ana Bjelica;KPS Chemik Police;2013/2014
Lucie Muhlsteinova;KPS Chemik Police;2013/2014
Izabela Kowaliñska;KPS Chemik Police;2013/2014
Katarzyna Mróz;KPS Chemik Police;2013/2014
Justyna Raczyñska;KPS Chemik Police;2013/2014
Joanna Mirek;KPS Chemik Police;2013/2014
Maja Ognjenoviæ;KPS Chemik Police;2013/2014
Katarzyna Wysocka;KS Pa³ac Bydgoszcz;2013/2014
Zuzanna Pieczka;KS Pa³ac Bydgoszcz;2013/2014
Marta Biedziak;KS Pa³ac Bydgoszcz;2013/2014
Katarzyna Po³eæ;KS Pa³ac Bydgoszcz;2013/2014
Julia K¹kol;KS Pa³ac Bydgoszcz;2013/2014
Kinga Dybek;KS Pa³ac Bydgoszcz;2013/2014
Ewelina Janicka;KS Pa³ac Bydgoszcz;2013/2014
Paulina G³az;KS Pa³ac Bydgoszcz;2013/2014
Jana Sawoczkina;KS Pa³ac Bydgoszcz;2013/2014
Zuzanna Czy¿nielewska;KS Pa³ac Bydgoszcz;2013/2014
Monika Gorzewska;KS Pa³ac Bydgoszcz;2013/2014
Agata Pura;KS Pa³ac Bydgoszcz;2013/2014
Tamara Ga³ucha;KS Pa³ac Bydgoszcz;2013/2014
Ma³gorzata Skorupa;KS Pa³ac Bydgoszcz;2013/2014
Weronika Fojucik;KS Pa³ac Bydgoszcz;2013/2014
Anna Korabiec;KS Pa³ac Bydgoszcz;2013/2014
Tricia Mayba;PGNiG Nafta Pi³a;2013/2014
Joanna Kuligowska;PGNiG Nafta Pi³a;2013/2014
Marta Kuehn-Jarek;PGNiG Nafta Pi³a;2013/2014
Emilia Szubert;PGNiG Nafta Pi³a;2013/2014
Klaudia Konieczna;PGNiG Nafta Pi³a;2013/2014
Magdalena Kowalczyk;PGNiG Nafta Pi³a;2013/2014
Anna Nazarenko;PGNiG Nafta Pi³a;2013/2014
Anna Obia³a;PGNiG Nafta Pi³a;2013/2014
Daria Paszek;PGNiG Nafta Pi³a;2013/2014
Natalia Krawulska;PGNiG Nafta Pi³a;2013/2014
Agata Babicz;PGNiG Nafta Pi³a;2013/2014
Weronika Barabasz;PGNiG Nafta Pi³a;2013/2014
Faimie Rose Kingsley;PGNiG Nafta Pi³a;2013/2014
Coleen Ward;PGNiG Nafta Pi³a;2013/2014
Irina Archangielskaja;PGNiG Nafta Pi³a;2013/2014
Magdalena Hawry³a;PGNiG Nafta Pi³a;2013/2014
Marina Cvetanovic;Polski Cukier Muszynianka Fakro Bank BPS;2013/2014
Karolina Ró¿ycka;Polski Cukier Muszynianka Fakro Bank BPS;2013/2014
Magdalena Mazurek;Polski Cukier Muszynianka Fakro Bank BPS;2013/2014
Magdalena Pi¹tek;Polski Cukier Muszynianka Fakro Bank BPS;2013/2014
Sylwia Wojcieska;Polski Cukier Muszynianka Fakro Bank BPS;2013/2014
Gabriela Jasiñska;Polski Cukier Muszynianka Fakro Bank BPS;2013/2014
Emilia Mucha;Polski Cukier Muszynianka Fakro Bank BPS;2013/2014
Justyna Wojtowicz;Polski Cukier Muszynianka Fakro Bank BPS;2013/2014
Paulina Maj-Erwardt;Polski Cukier Muszynianka Fakro Bank BPS;2013/2014
Natalia Mêdrzyk;Polski Cukier Muszynianka Fakro Bank BPS;2013/2014
Aleksandra Jagie³o;Polski Cukier Muszynianka Fakro Bank BPS;2013/2014
Ivana Plchotova;Polski Cukier Muszynianka Fakro Bank BPS;2013/2014
Olga Raoniæ;Siódemka SK Bank Legionovia Legionowo;2013/2014
Karolina Szymañska;Siódemka SK Bank Legionovia Legionowo;2013/2014
Tamara Rakiæ;Siódemka SK Bank Legionovia Legionowo;2013/2014
Aleksandra Wójcik;Siódemka SK Bank Legionovia Legionowo;2013/2014
Anna Gawêcka;Siódemka SK Bank Legionovia Legionowo;2013/2014
Magdalena Saad;Siódemka SK Bank Legionovia Legionowo;2013/2014
Anna Rybaczewska;Siódemka SK Bank Legionovia Legionowo;2013/2014
Berenika Tomsia;Siódemka SK Bank Legionovia Legionowo;2013/2014
Kinga B¹k;Siódemka SK Bank Legionovia Legionowo;2013/2014
Lauren Barfield;Siódemka SK Bank Legionovia Legionowo;2013/2014
Marta £ukaszewska;Siódemka SK Bank Legionovia Legionowo;2013/2014
Katarzyna JóŸwicka;Siódemka SK Bank Legionovia Legionowo;2013/2014
Katarzyna Sza³ankiewicz;Tauron Banimex MKS D¹browa Górnicza;2013/2014
Joanna Staniucha-Szczurek;Tauron Banimex MKS D¹browa Górnicza;2013/2014
Aleksandra Liniarska;Tauron Banimex MKS D¹browa Górnicza;2013/2014
Bo¿ena Wylê¿ek;Tauron Banimex MKS D¹browa Górnicza;2013/2014
Natalia Guadalupe Brussa;Tauron Banimex MKS D¹browa Górnicza;2013/2014
Eleonora Dziêkiewicz;Tauron Banimex MKS D¹browa Górnicza;2013/2014
Welissa 'Sassa' Gonzaga;Tauron Banimex MKS D¹browa Górnicza;2013/2014
Katarzyna Zaroœliñska-Król;Tauron Banimex MKS D¹browa Górnicza;2013/2014
Ozge Cemberci;Tauron Banimex MKS D¹browa Górnicza;2013/2014
Krystyna Strasz;Tauron Banimex MKS D¹browa Górnicza;2013/2014
Anna Kaczmar;Tauron Banimex MKS D¹browa Górnicza;2013/2014
Marina Katic;Tauron Banimex MKS D¹browa Górnicza;2013/2014
Rachael Adams;Tauron Banimex MKS D¹browa Górnicza;2013/2014
El¿bieta Skowroñska;Tauron Banimex MKS D¹browa Górnicza;2013/2014
Helena Horka;BKS Aluprof Bielsko-Bia³a;2014/2015
Mariola Wojtowicz;BKS Aluprof Bielsko-Bia³a;2014/2015
Karolina Piœla;BKS Aluprof Bielsko-Bia³a;2014/2015
Ma³gorzata Lis;BKS Aluprof Bielsko-Bia³a;2014/2015
Natalia Bamber-Laskowska;BKS Aluprof Bielsko-Bia³a;2014/2015
Sylwia Pelc;BKS Aluprof Bielsko-Bia³a;2014/2015
Lucie Muhlsteinova;BKS Aluprof Bielsko-Bia³a;2014/2015
Aleksandra Trojan;BKS Aluprof Bielsko-Bia³a;2014/2015
Natalia Strózik;BKS Aluprof Bielsko-Bia³a;2014/2015
Heike Beier;BKS Aluprof Bielsko-Bia³a;2014/2015
Kornelia Moskwa;BKS Aluprof Bielsko-Bia³a;2014/2015
Dorota Wilk;BKS Aluprof Bielsko-Bia³a;2014/2015
El¿bieta Klein;BKS Aluprof Bielsko-Bia³a;2014/2015
Koleta £yszkiewicz;BKS Aluprof Bielsko-Bia³a;2014/2015
Magdalena Œliwa;Budowlani £ódŸ;2014/2015
Gabriela Polañska;Budowlani £ódŸ;2014/2015
Joanna Pacak;Budowlani £ódŸ;2014/2015
Emilia Szubert;Budowlani £ódŸ;2014/2015
Dorota Œciurka;Budowlani £ódŸ;2014/2015
Natalia Skrzypkowska;Budowlani £ódŸ;2014/2015
Sanja Gamma;Budowlani £ódŸ;2014/2015
Sylwia Pycia;Budowlani £ódŸ;2014/2015
Martyna Grajber;Budowlani £ódŸ;2014/2015
Valerie Courtois;Budowlani £ódŸ;2014/2015
Ewelina Brzeziñska;Budowlani £ódŸ;2014/2015
Dorota Medyñska;Budowlani £ódŸ;2014/2015
Aleksandra Sikorska;Budowlani £ódŸ;2014/2015
Anna Werbliñska;Chemik Police;2014/2015
Mariola Zenik;Chemik Police;2014/2015
Sanja Malagurski;Chemik Police;2014/2015
Katarzyna Gajga³-Anio³;Chemik Police;2014/2015
Kinga B¹k;Chemik Police;2014/2015
Agnieszka Bednarek;Chemik Police;2014/2015
Ma³gorzata Glinka-Mogentale;Chemik Police;2014/2015
Aleksandra Krzos;Chemik Police;2014/2015
Agnieszka Rabka;Chemik Police;2014/2015
Ana Bjelica;Chemik Police;2014/2015
Stefana Veljkoviæ;Chemik Police;2014/2015
Izabela Kowaliñska;Chemik Police;2014/2015
Katarzyna Mróz;Chemik Police;2014/2015
Aleksandra Jagie³o;Chemik Police;2014/2015
Maja Ognjenoviæ;Chemik Police;2014/2015
Aleksandra Kaza³a;Developres SkyRes Rzeszów;2014/2015
Magdalena Szabó;Developres SkyRes Rzeszów;2014/2015
Dominika Nowakowska;Developres SkyRes Rzeszów;2014/2015
Magdalena Hawry³a;Developres SkyRes Rzeszów;2014/2015
Katarzyna Warzocha;Developres SkyRes Rzeszów;2014/2015
Ewa ¯ak;Developres SkyRes Rzeszów;2014/2015
Adrianna Szady;Developres SkyRes Rzeszów;2014/2015
Paula Szeremeta;Developres SkyRes Rzeszów;2014/2015
Karolina Filipowicz;Developres SkyRes Rzeszów;2014/2015
Paulina G³az;Developres SkyRes Rzeszów;2014/2015
Magda Jagodziñska;Developres SkyRes Rzeszów;2014/2015
Paulina Filipowicz;Developres SkyRes Rzeszów;2014/2015
Kinga Stronias;Developres SkyRes Rzeszów;2014/2015
Emilia Mucha;Developres SkyRes Rzeszów;2014/2015
Lucyna Borek;Developres SkyRes Rzeszów;2014/2015
Katarzyna Mroczkowska;Impel Wroc³aw;2014/2015
Monika Ptak;Impel Wroc³aw;2014/2015
Anita Kwiatkowska;Impel Wroc³aw;2014/2015
Agnieszka Korneluk;Impel Wroc³aw;2014/2015
Anna Grejman;Impel Wroc³aw;2014/2015
Hana Cutura;Impel Wroc³aw;2014/2015
Agata Sawicka;Impel Wroc³aw;2014/2015
Denise Hanke;Impel Wroc³aw;2014/2015
Berit Kauffeldt;Impel Wroc³aw;2014/2015
Magdalena Gryka;Impel Wroc³aw;2014/2015
Mira Topic;Impel Wroc³aw;2014/2015
Joanna Kaczor;Impel Wroc³aw;2014/2015
Jenna Hagglund;Impel Wroc³aw;2014/2015
Patrycja Balmas;KS PA£AC Bydgoszcz;2014/2015
Zuzanna Pieczka;KS PA£AC Bydgoszcz;2014/2015
Marta Biedziak;KS PA£AC Bydgoszcz;2014/2015
Natalia Misiuna;KS PA£AC Bydgoszcz;2014/2015
Julia K¹kol;KS PA£AC Bydgoszcz;2014/2015
Kinga Dybek;KS PA£AC Bydgoszcz;2014/2015
Ma³gorzata Skorupa;KS PA£AC Bydgoszcz;2014/2015
Aleksandra Jurkojæ;KS PA£AC Bydgoszcz;2014/2015
Anna Korabiec;KS PA£AC Bydgoszcz;2014/2015
Zuzanna Czy¿nielewska;KS PA£AC Bydgoszcz;2014/2015
Ma³gorzata Lisiak;KS PA£AC Bydgoszcz;2014/2015
Paulina Ba³dyga;KS PA£AC Bydgoszcz;2014/2015
Weronika Fojucik;KS PA£AC Bydgoszcz;2014/2015
Patrycja Tomczyk;KS PA£AC Bydgoszcz;2014/2015
Pola Nowakowska;KS PA£AC Bydgoszcz;2014/2015
Katarzyna Brojek;KSZO Ostrowiec;2014/2015
Kamila Witkowska;KSZO Ostrowiec;2014/2015
Klaudia Turkot;KSZO Ostrowiec;2014/2015
Ralitsa Vasileva;KSZO Ostrowiec;2014/2015
Barbara Bawo³;KSZO Ostrowiec;2014/2015
Alicja Stefañska;KSZO Ostrowiec;2014/2015
Marta Wójcik;KSZO Ostrowiec;2014/2015
Joanna Kuligowska;KSZO Ostrowiec;2014/2015
Aneta Duda;KSZO Ostrowiec;2014/2015
Ma³gorzata Œcibisz;KSZO Ostrowiec;2014/2015
Ewelina Tobiasz;KSZO Ostrowiec;2014/2015
Sophie Godfrey;KSZO Ostrowiec;2014/2015
Dominika Nowakowska;KSZO Ostrowiec;2014/2015
Maja Tokarska;PGE Atom Trefl Sopot;2014/2015
Deja McClendon;PGE Atom Trefl Sopot;2014/2015
Charlotte Leys;PGE Atom Trefl Sopot;2014/2015
Izabela Be³cik;PGE Atom Trefl Sopot;2014/2015
Anna Miros;PGE Atom Trefl Sopot;2014/2015
Zuzanna Efimienko-M³otkowska;PGE Atom Trefl Sopot;2014/2015
Magdalena Damaske-Dawid;PGE Atom Trefl Sopot;2014/2015
Anna Kaczmar;PGE Atom Trefl Sopot;2014/2015
Justyna £ukasik;PGE Atom Trefl Sopot;2014/2015
Falyn Fonoimoana;PGE Atom Trefl Sopot;2014/2015
Agata Witkowska;PGE Atom Trefl Sopot;2014/2015
Klaudia Kulig;PGE Atom Trefl Sopot;2014/2015
Brittnee Cooper;PGE Atom Trefl Sopot;2014/2015
Klaudia Kaczorowska;PGE Atom Trefl Sopot;2014/2015
Katarzyna Zaroœliñska-Król;PGE Atom Trefl Sopot;2014/2015
Marija Miloviæ;PGNiG Nafta Pi³a;2014/2015
Caroline Jarmoc;PGNiG Nafta Pi³a;2014/2015
Irina Archangielskaja;PGNiG Nafta Pi³a;2014/2015
Klaudia Konieczna;PGNiG Nafta Pi³a;2014/2015
Magdalena Kowalczyk;PGNiG Nafta Pi³a;2014/2015
Veronika Skorupka;PGNiG Nafta Pi³a;2014/2015
Anna Obia³a;PGNiG Nafta Pi³a;2014/2015
Joanna Sobczak;PGNiG Nafta Pi³a;2014/2015
Natalia Krawulska;PGNiG Nafta Pi³a;2014/2015
Olga Pauliukouskaya;PGNiG Nafta Pi³a;2014/2015
Katarzyna Olczyk;PGNiG Nafta Pi³a;2014/2015
Justyna Raczyñska;PGNiG Nafta Pi³a;2014/2015
Katie Carter;Polski Cukier Muszynianka;2014/2015
Ilona Gierak;Polski Cukier Muszynianka;2014/2015
Karolina Ró¿ycka;Polski Cukier Muszynianka;2014/2015
Sylwia Wojcieska;Polski Cukier Muszynianka;2014/2015
Gabriela Jasiñska;Polski Cukier Muszynianka;2014/2015
Karolina Ciaszkiewicz-Lach;Polski Cukier Muszynianka;2014/2015
Danica Radenkovic;Polski Cukier Muszynianka;2014/2015
Justyna Wojtowicz;Polski Cukier Muszynianka;2014/2015
Paulina Maj-Erwardt;Polski Cukier Muszynianka;2014/2015
Natalia Mêdrzyk;Polski Cukier Muszynianka;2014/2015
Ivana Plchotova;Polski Cukier Muszynianka;2014/2015
Kinga Hatala;Polski Cukier Muszynianka;2014/2015
Malwina Smarzek;SK bank Legionovia Legionowo;2014/2015
Daria Paszek;SK bank Legionovia Legionowo;2014/2015
Justyna Antosiewicz;SK bank Legionovia Legionowo;2014/2015
Karolina Szymañska;SK bank Legionovia Legionowo;2014/2015
Aleksandra Wójcik;SK bank Legionovia Legionowo;2014/2015
Natalia Gajewska;SK bank Legionovia Legionowo;2014/2015
Jaimie Thibeault;SK bank Legionovia Legionowo;2014/2015
Iga Wasilewska;SK bank Legionovia Legionowo;2014/2015
Katarzyna Po³eæ;SK bank Legionovia Legionowo;2014/2015
Katarzyna Wysocka;SK bank Legionovia Legionowo;2014/2015
Monika Ga³kowska;SK bank Legionovia Legionowo;2014/2015
Krystyna Pietraszkiewicz;SK bank Legionovia Legionowo;2014/2015
Klaudia Alagierska-Szczepaniak;SK bank Legionovia Legionowo;2014/2015
Milena Paszyñska;SK bank Legionovia Legionowo;2014/2015
Marta Bechis;SK bank Legionovia Legionowo;2014/2015
Jolanta Studzienna;SK bank Legionovia Legionowo;2014/2015
Katarzyna Sza³ankiewicz;TAURON BANIMEX MKS D¥BROWA GÓRNICZA;2014/2015
Joanna Staniucha-Szczurek;TAURON BANIMEX MKS D¥BROWA GÓRNICZA;2014/2015
Aleksandra Liniarska;TAURON BANIMEX MKS D¥BROWA GÓRNICZA;2014/2015
Katarzyna Konieczna;TAURON BANIMEX MKS D¥BROWA GÓRNICZA;2014/2015
Bo¿ena Wylê¿ek;TAURON BANIMEX MKS D¥BROWA GÓRNICZA;2014/2015
Eleonora Dziêkiewicz;TAURON BANIMEX MKS D¥BROWA GÓRNICZA;2014/2015
Gina Mancuso;TAURON BANIMEX MKS D¥BROWA GÓRNICZA;2014/2015
Katsiaryna Zakreuskaya;TAURON BANIMEX MKS D¥BROWA GÓRNICZA;2014/2015
Ozge Cemberci;TAURON BANIMEX MKS D¥BROWA GÓRNICZA;2014/2015
Krystyna Strasz;TAURON BANIMEX MKS D¥BROWA GÓRNICZA;2014/2015
Natalia Piekarczyk;TAURON BANIMEX MKS D¥BROWA GÓRNICZA;2014/2015
Marta £ukaszewska;TAURON BANIMEX MKS D¥BROWA GÓRNICZA;2014/2015
Tamara Ga³ucha;TAURON BANIMEX MKS D¥BROWA GÓRNICZA;2014/2015
Dominika Sobolska;TAURON BANIMEX MKS D¥BROWA GÓRNICZA;2014/2015
Helena Horka;BKS ALUPROF PROFI CREDIT Bielsko-Bia³a;2015/2016
Mariola Wojtowicz;BKS ALUPROF PROFI CREDIT Bielsko-Bia³a;2015/2016
Beata Motyka;BKS ALUPROF PROFI CREDIT Bielsko-Bia³a;2015/2016
Ma³gorzata Lis;BKS ALUPROF PROFI CREDIT Bielsko-Bia³a;2015/2016
Aleksandra Szczepañska;BKS ALUPROF PROFI CREDIT Bielsko-Bia³a;2015/2016
Natalia Bamber-Laskowska;BKS ALUPROF PROFI CREDIT Bielsko-Bia³a;2015/2016
Aleksandra Trojan;BKS ALUPROF PROFI CREDIT Bielsko-Bia³a;2015/2016
Natalia Strózik;BKS ALUPROF PROFI CREDIT Bielsko-Bia³a;2015/2016
Nikola Radosova;BKS ALUPROF PROFI CREDIT Bielsko-Bia³a;2015/2016
Kornelia Moskwa;BKS ALUPROF PROFI CREDIT Bielsko-Bia³a;2015/2016
Emilia Mucha;BKS ALUPROF PROFI CREDIT Bielsko-Bia³a;2015/2016
Yael Castiglione;BKS ALUPROF PROFI CREDIT Bielsko-Bia³a;2015/2016
Koleta £yszkiewicz;BKS ALUPROF PROFI CREDIT Bielsko-Bia³a;2015/2016
Daiana Muresan;Budowlani £ódŸ;2015/2016
Gabriela Polañska;Budowlani £ódŸ;2015/2016
Aleksandra Liniarska;Budowlani £ódŸ;2015/2016
Kinga Wysokiñska;Budowlani £ódŸ;2015/2016
Ewelina Tobiasz;Budowlani £ódŸ;2015/2016
Julia K¹kol;Budowlani £ódŸ;2015/2016
Aleksandra Gromadowska;Budowlani £ódŸ;2015/2016
Magdalena WoŸniczka;Budowlani £ódŸ;2015/2016
Sylwia Pycia;Budowlani £ódŸ;2015/2016
Heike Beier;Budowlani £ódŸ;2015/2016
Ewelina Brzeziñska;Budowlani £ódŸ;2015/2016
Dorota Medyñska;Budowlani £ódŸ;2015/2016
Pavla Smidova;Budowlani £ódŸ;2015/2016
Julia Brzeziñska;Budowlani £ódŸ;2015/2016
Martyna Grajber;Budowlani £ódŸ;2015/2016
Anna Werbliñska;Chemik Police;2015/2016
Mariola Zenik;Chemik Police;2015/2016
Madelaynne Montano;Chemik Police;2015/2016
Katarzyna Gajga³-Anio³;Chemik Police;2015/2016
Agnieszka Bednarek;Chemik Police;2015/2016
Izabela Be³cik;Chemik Police;2015/2016
Helena Havelkova;Chemik Police;2015/2016
Yonkaira Paola Peña;Chemik Police;2015/2016
Stefana Veljkoviæ;Chemik Police;2015/2016
Izabela Kowaliñska;Chemik Police;2015/2016
Katarzyna Mróz;Chemik Police;2015/2016
Joanna Wo³osz;Chemik Police;2015/2016
Aleksandra Jagie³o;Chemik Police;2015/2016
Paulina Maj-Erwardt;Chemik Police;2015/2016
Ewa Cabajewska;Developres SkyRes Rzeszów;2015/2016
Ana Otaseviæ;Developres SkyRes Rzeszów;2015/2016
Dominika Nowakowska;Developres SkyRes Rzeszów;2015/2016
Joanna Kapturska;Developres SkyRes Rzeszów;2015/2016
Magdalena Hawry³a;Developres SkyRes Rzeszów;2015/2016
Katarzyna Warzocha;Developres SkyRes Rzeszów;2015/2016
Ewa ¯ak;Developres SkyRes Rzeszów;2015/2016
Justyna Raczyñska;Developres SkyRes Rzeszów;2015/2016
Paula Szeremeta;Developres SkyRes Rzeszów;2015/2016
Ewelina Janicka;Developres SkyRes Rzeszów;2015/2016
Paulina G³az;Developres SkyRes Rzeszów;2015/2016
Magda Jagodziñska;Developres SkyRes Rzeszów;2015/2016
Paulina Filipowicz;Developres SkyRes Rzeszów;2015/2016
Aleksandra Wañczyk;Developres SkyRes Rzeszów;2015/2016
Vesela Boncheva;Developres SkyRes Rzeszów;2015/2016
Agata Skiba;Developres SkyRes Rzeszów;2015/2016
Lucyna Borek;Developres SkyRes Rzeszów;2015/2016
Andrea Kossanyiova;Impel Wroc³aw;2015/2016
Monika Ptak;Impel Wroc³aw;2015/2016
Karolina Piœla;Impel Wroc³aw;2015/2016
Agnieszka Korneluk;Impel Wroc³aw;2015/2016
Barbara Cembrzyñska;Impel Wroc³aw;2015/2016
Joanna Kaczor;Impel Wroc³aw;2015/2016
Lenka Durr;Impel Wroc³aw;2015/2016
Agata Sawicka;Impel Wroc³aw;2015/2016
Kristin Hildebrand;Impel Wroc³aw;2015/2016
Aleksandra Sikorska;Impel Wroc³aw;2015/2016
Milena Radecka;Impel Wroc³aw;2015/2016
Magdalena Gryka;Impel Wroc³aw;2015/2016
Aleksandra Sochacka;Impel Wroc³aw;2015/2016
Magdalena Stasiak;Impel Wroc³aw;2015/2016
Katarzyna Skowroñska-Dolata;Impel Wroc³aw;2015/2016
Karolina Costagrande;Impel Wroc³aw;2015/2016
Dominika Minicz;KS PA£AC Bydgoszcz;2015/2016
Marta Pol;KS PA£AC Bydgoszcz;2015/2016
Natalia Misiuna;KS PA£AC Bydgoszcz;2015/2016
Karolina Portalska;KS PA£AC Bydgoszcz;2015/2016
Ewelina ¯urowska;KS PA£AC Bydgoszcz;2015/2016
Pola Nowakowska;KS PA£AC Bydgoszcz;2015/2016
Joanna Kuligowska;KS PA£AC Bydgoszcz;2015/2016
Zuzanna Czy¿nielewska;KS PA£AC Bydgoszcz;2015/2016
Ma³gorzata Lisiak;KS PA£AC Bydgoszcz;2015/2016
Paulina Ba³dyga;KS PA£AC Bydgoszcz;2015/2016
Marlena Kowalewska;KS PA£AC Bydgoszcz;2015/2016
Weronika Fojucik;KS PA£AC Bydgoszcz;2015/2016
Karolina Œwiderska;KS PA£AC Bydgoszcz;2015/2016
Jagoda Maternia;KS PA£AC Bydgoszcz;2015/2016
Roksana Wers;KSZO OSTROWIEC;2015/2016
Beata Olenderek;KSZO OSTROWIEC;2015/2016
Ewelina Polak;KSZO OSTROWIEC;2015/2016
Karolina Bednarek;KSZO OSTROWIEC;2015/2016
Dorota Œciurka;KSZO OSTROWIEC;2015/2016
Paulina Szpak;KSZO OSTROWIEC;2015/2016
Kinga Dybek;KSZO OSTROWIEC;2015/2016
Alicja Wójcik;KSZO OSTROWIEC;2015/2016
Anna Korabiec;KSZO OSTROWIEC;2015/2016
Angelika Bulbak;KSZO OSTROWIEC;2015/2016
Julia Piotrowska;KSZO OSTROWIEC;2015/2016
Sandra Szczygio³;KSZO OSTROWIEC;2015/2016
Zuzanna Pieczka;KSZO OSTROWIEC;2015/2016
Malwina Smarzek;Legionovia Legionowo;2015/2016
Daria Paszek;Legionovia Legionowo;2015/2016
Karolina Szymañska;Legionovia Legionowo;2015/2016
Emilia Szubert;Legionovia Legionowo;2015/2016
Julia Skowron;Legionovia Legionowo;2015/2016
Aleksandra Wójcik;Legionovia Legionowo;2015/2016
Natalia Gajewska;Legionovia Legionowo;2015/2016
Joanna Pacak;Legionovia Legionowo;2015/2016
Iga Wasilewska;Legionovia Legionowo;2015/2016
Katarzyna Po³eæ;Legionovia Legionowo;2015/2016
Monika Ga³kowska;Legionovia Legionowo;2015/2016
Adriana Adamek;Legionovia Legionowo;2015/2016
Klaudia Turkot;Legionovia Legionowo;2015/2016
Klaudia Alagierska-Szczepaniak;Legionovia Legionowo;2015/2016
Milena Paszyñska;Legionovia Legionowo;2015/2016
Alicja Grabka;Legionovia Legionowo;2015/2016
Aleksandra Rasiñska;Legionovia Legionowo;2015/2016
Katarzyna Kowalczyk;Legionovia Legionowo;2015/2016
Justyna Antosiewicz;Legionovia Legionowo;2015/2016
Barbara Zakoœcielna;Legionovia Legionowo;2015/2016
Krystyna Pietraszkiewicz;Legionovia Legionowo;2015/2016
Adrianna Wysocka;Legionovia Legionowo;2015/2016
Maja Tokarska;PGE Atom Trefl Sopot;2015/2016
Maret Balkestein-Grothues;PGE Atom Trefl Sopot;2015/2016
Ivana Djerisilo;PGE Atom Trefl Sopot;2015/2016
Olga Savenchuk;PGE Atom Trefl Sopot;2015/2016
Anna Miros;PGE Atom Trefl Sopot;2015/2016
Magdalena Damaske-Dawid;PGE Atom Trefl Sopot;2015/2016
Zuzanna Efimienko-M³otkowska;PGE Atom Trefl Sopot;2015/2016
Danica Radenkovic;PGE Atom Trefl Sopot;2015/2016
Anna Kaczmar;PGE Atom Trefl Sopot;2015/2016
Justyna £ukasik;PGE Atom Trefl Sopot;2015/2016
Falyn Fonoimoana;PGE Atom Trefl Sopot;2015/2016
Agata Witkowska;PGE Atom Trefl Sopot;2015/2016
Klaudia Kulig;PGE Atom Trefl Sopot;2015/2016
Brittnee Cooper;PGE Atom Trefl Sopot;2015/2016
Klaudia Kaczorowska;PGE Atom Trefl Sopot;2015/2016
Katarzyna Zaroœliñska-Król;PGE Atom Trefl Sopot;2015/2016
Natalia Skrzypkowska;Polski Cukier Muszynianka Enea;2015/2016
Sylwia Pelc;Polski Cukier Muszynianka Enea;2015/2016
Maja Saviæ;Polski Cukier Muszynianka Enea;2015/2016
Anna Grejman;Polski Cukier Muszynianka Enea;2015/2016
Karolina Szczygie³-G³ód;Polski Cukier Muszynianka Enea;2015/2016
Aleksandra Krzos;Polski Cukier Muszynianka Enea;2015/2016
Karolina Ciaszkiewicz-Lach;Polski Cukier Muszynianka Enea;2015/2016
Adela Heliæ;Polski Cukier Muszynianka Enea;2015/2016
Izabela Lemañczyk;Polski Cukier Muszynianka Enea;2015/2016
Justyna Wojtowicz;Polski Cukier Muszynianka Enea;2015/2016
Natalia Mêdrzyk;Polski Cukier Muszynianka Enea;2015/2016
Kinga Hatala;Polski Cukier Muszynianka Enea;2015/2016
Julia Milovits;Polski Cukier Muszynianka Enea;2015/2016
Ma³gorzata Skorupa;PTPS Pi³a;2015/2016
Anita Kwiatkowska;PTPS Pi³a;2015/2016
Klaudia Konieczna;PTPS Pi³a;2015/2016
Adrianna Kukulska;PTPS Pi³a;2015/2016
Anna Obia³a;PTPS Pi³a;2015/2016
Joanna Sobczak;PTPS Pi³a;2015/2016
Katarzyna Lewandowska;PTPS Pi³a;2015/2016
Agata Babicz;PTPS Pi³a;2015/2016
Olga Pauliukouskaya;PTPS Pi³a;2015/2016
Alicja Markiewicz;PTPS Pi³a;2015/2016
Dorota Wilk;PTPS Pi³a;2015/2016
Oliwia Urban;PTPS Pi³a;2015/2016
Kiesha Leggs;PTPS Pi³a;2015/2016
Katarzyna Sza³ankiewicz;Tauron MKS D¹browa Górnicza;2015/2016
Joanna Staniucha-Szczurek;Tauron MKS D¹browa Górnicza;2015/2016
Karolina Ró¿ycka;Tauron MKS D¹browa Górnicza;2015/2016
Izabela Ba³ucka;Tauron MKS D¹browa Górnicza;2015/2016
Eleonora Dziêkiewicz;Tauron MKS D¹browa Górnicza;2015/2016
Rebecca Perry;Tauron MKS D¹browa Górnicza;2015/2016
Sanja Gamma;Tauron MKS D¹browa Górnicza;2015/2016
Krystyna Strasz;Tauron MKS D¹browa Górnicza;2015/2016
Natalia Piekarczyk;Tauron MKS D¹browa Górnicza;2015/2016
Micha Hancock;Tauron MKS D¹browa Górnicza;2015/2016
Kamila Witkowska;Tauron MKS D¹browa Górnicza;2015/2016
Tamara Ga³ucha;Tauron MKS D¹browa Górnicza;2015/2016
Nadia Wydmañska;Tauron MKS D¹browa Górnicza;2015/2016
Kinga Drabek;Tauron MKS D¹browa Górnicza;2015/2016
Deja McClendon;Tauron MKS D¹browa Górnicza;2015/2016
Rebbeca Pavan;Tauron MKS D¹browa Górnicza;2015/2016
Joanna Grzmociñska;Atom Trefl Sopot;2016/2017
Beata Olenderek;Atom Trefl Sopot;2016/2017
Martyna £ukasik;Atom Trefl Sopot;2016/2017
Karolina Bednarek;Atom Trefl Sopot;2016/2017
Daria Szczyrba;Atom Trefl Sopot;2016/2017
Ma³gorzata Skorupa;Atom Trefl Sopot;2016/2017
Magdalena Damaske-Dawid;Atom Trefl Sopot;2016/2017
Karolina Goliat;Atom Trefl Sopot;2016/2017
Alicja Wójcik;Atom Trefl Sopot;2016/2017
Dominika Mras;Atom Trefl Sopot;2016/2017
Justyna £ukasik;Atom Trefl Sopot;2016/2017
Natalia Gajewska;Atom Trefl Sopot;2016/2017
Monika Fedusio;Atom Trefl Sopot;2016/2017
Klaudia Kulig;Atom Trefl Sopot;2016/2017
Anna Bodasiñska;Atom Trefl Sopot;2016/2017
Natalia Perliñska;BKS PROFI CREDIT Bielsko-Bia³a;2016/2017
Joanna Staniucha-Szczurek;BKS PROFI CREDIT Bielsko-Bia³a;2016/2017
Mariola Wojtowicz;BKS PROFI CREDIT Bielsko-Bia³a;2016/2017
Aleksandra Wañczyk;BKS PROFI CREDIT Bielsko-Bia³a;2016/2017
Jaroslava Pencova;BKS PROFI CREDIT Bielsko-Bia³a;2016/2017
Natalia Skrzypkowska;BKS PROFI CREDIT Bielsko-Bia³a;2016/2017
Erica Handley;BKS PROFI CREDIT Bielsko-Bia³a;2016/2017
Sona Mikyskova;BKS PROFI CREDIT Bielsko-Bia³a;2016/2017
Aleksandra Trojan;BKS PROFI CREDIT Bielsko-Bia³a;2016/2017
Magdalena Gryka;BKS PROFI CREDIT Bielsko-Bia³a;2016/2017
Ewelina Brzeziñska;BKS PROFI CREDIT Bielsko-Bia³a;2016/2017
Kornelia Moskwa;BKS PROFI CREDIT Bielsko-Bia³a;2016/2017
Emilia Mucha;BKS PROFI CREDIT Bielsko-Bia³a;2016/2017
Aneta Wilczek;BKS PROFI CREDIT Bielsko-Bia³a;2016/2017
Wiktoria Szumera;BKS PROFI CREDIT Bielsko-Bia³a;2016/2017
Anna Werbliñska;Chemik Police;2016/2017
Mariola Zenik;Chemik Police;2016/2017
Madelaynne Montano;Chemik Police;2016/2017
Katarzyna Gajga³-Anio³;Chemik Police;2016/2017
Agnieszka Bednarek;Chemik Police;2016/2017
Malwina Smarzek;Chemik Police;2016/2017
Izabela Be³cik;Chemik Police;2016/2017
Magdalena Stysiak;Chemik Police;2016/2017
Stefana Veljkoviæ;Chemik Police;2016/2017
Nikola Abramajtys;Chemik Police;2016/2017
Joanna Wo³osz;Chemik Police;2016/2017
Jelena Blagojeviæ;Chemik Police;2016/2017
Aleksandra Jagie³o;Chemik Police;2016/2017
Aleksandra Krzos;Chemik Police;2016/2017
Katarzyna Zaroœliñska-Król;Chemik Police;2016/2017
Kremena Kamenova;Developres SkyRes Rzeszów;2016/2017
Karolina Szymañska;Developres SkyRes Rzeszów;2016/2017
Magdalena Hawry³a;Developres SkyRes Rzeszów;2016/2017
Katarzyna ¯abiñska;Developres SkyRes Rzeszów;2016/2017
Ewa ¯ak;Developres SkyRes Rzeszów;2016/2017
Anna Kaczmar;Developres SkyRes Rzeszów;2016/2017
Karolina Szczygie³-G³ód;Developres SkyRes Rzeszów;2016/2017
Adela Heliæ;Developres SkyRes Rzeszów;2016/2017
Joanna Nickowska;Developres SkyRes Rzeszów;2016/2017
Patrycja Flakus;Developres SkyRes Rzeszów;2016/2017
Katarzyna Mróz;Developres SkyRes Rzeszów;2016/2017
Miroslava Paskova;Developres SkyRes Rzeszów;2016/2017
Klaudia Kaczorowska;Developres SkyRes Rzeszów;2016/2017
Lucyna Borek;Developres SkyRes Rzeszów;2016/2017
Karolina Piœla;Enea PTPS Pi³a;2016/2017
Sylwia Kucharska;Enea PTPS Pi³a;2016/2017
Alexis Austin;Enea PTPS Pi³a;2016/2017
Anita Kwiatkowska;Enea PTPS Pi³a;2016/2017
¯aneta Baran;Enea PTPS Pi³a;2016/2017
Adrianna Kukulska;Enea PTPS Pi³a;2016/2017
Anna Obia³a;Enea PTPS Pi³a;2016/2017
Alicia Ogoms;Enea PTPS Pi³a;2016/2017
Agata Babicz;Enea PTPS Pi³a;2016/2017
Beta Dumancic;Enea PTPS Pi³a;2016/2017
Emilia Szubert;Enea PTPS Pi³a;2016/2017
Alicja Markiewicz;Enea PTPS Pi³a;2016/2017
Zuzanna Kuciñska;Enea PTPS Pi³a;2016/2017
Oliwia Urban;Enea PTPS Pi³a;2016/2017
Sylwia Wojcieska;Giacomini Budowlani Toruñ;2016/2017
Aleksandra Gancarz;Giacomini Budowlani Toruñ;2016/2017
Marina Paulava;Giacomini Budowlani Toruñ;2016/2017
Gabriela Jasiñska;Giacomini Budowlani Toruñ;2016/2017
Anna Lewandowska;Giacomini Budowlani Toruñ;2016/2017
Patrycja Balmas;Giacomini Budowlani Toruñ;2016/2017
Marta Wójcik;Giacomini Budowlani Toruñ;2016/2017
Ilona Gierak;Giacomini Budowlani Toruñ;2016/2017
Ewa Bimkiewicz;Giacomini Budowlani Toruñ;2016/2017
Ewelina Ryznar;Giacomini Budowlani Toruñ;2016/2017
Marta Janik;Giacomini Budowlani Toruñ;2016/2017
Agata Nowak;Giacomini Budowlani Toruñ;2016/2017
Rebbeca Pavan;Giacomini Budowlani Toruñ;2016/2017
Morena Martinez Franchi;Giacomini Budowlani Toruñ;2016/2017
Sylwia Pelc;Grot Budowlani £ódŸ;2016/2017
Gabriela Polañska;Grot Budowlani £ódŸ;2016/2017
Simona Dreczka;Grot Budowlani £ódŸ;2016/2017
Monika Kuty³a;Grot Budowlani £ódŸ;2016/2017
Ewelina Tobiasz;Grot Budowlani £ódŸ;2016/2017
Julia K¹kol;Grot Budowlani £ódŸ;2016/2017
Natalia Strózik;Grot Budowlani £ódŸ;2016/2017
Sylwia Pycia;Grot Budowlani £ódŸ;2016/2017
Heike Beier;Grot Budowlani £ódŸ;2016/2017
Paulina Maj-Erwardt;Grot Budowlani £ódŸ;2016/2017
Kaja Grobelna;Grot Budowlani £ódŸ;2016/2017
Pavla Smidova;Grot Budowlani £ódŸ;2016/2017
Martyna Grajber;Grot Budowlani £ódŸ;2016/2017
Andrea Kossanyiova;Impel Wroc³aw;2016/2017
Monika Ptak;Impel Wroc³aw;2016/2017
Katarzyna Konieczna;Impel Wroc³aw;2016/2017
Agnieszka Korneluk;Impel Wroc³aw;2016/2017
Barbara Cembrzyñska;Impel Wroc³aw;2016/2017
Joanna Kaczor;Impel Wroc³aw;2016/2017
Agata Sawicka;Impel Wroc³aw;2016/2017
Izabela Ba³ucka;Impel Wroc³aw;2016/2017
Micha Hancock;Impel Wroc³aw;2016/2017
Adrianna Wysocka;Impel Wroc³aw;2016/2017
Natalia Mêdrzyk;Impel Wroc³aw;2016/2017
Magdalena Stasiak;Impel Wroc³aw;2016/2017
Maria Stenzel;Impel Wroc³aw;2016/2017
Megan Courtney;Impel Wroc³aw;2016/2017
Magda Jagodziñska;KS PA£AC Bydgoszcz;2016/2017
Marta Pol;KS PA£AC Bydgoszcz;2016/2017
Natalia Misiuna;KS PA£AC Bydgoszcz;2016/2017
Natalia Krawulska;KS PA£AC Bydgoszcz;2016/2017
Karolina Portalska;KS PA£AC Bydgoszcz;2016/2017
Ewelina ¯urowska;KS PA£AC Bydgoszcz;2016/2017
Pola Nowakowska;KS PA£AC Bydgoszcz;2016/2017
Joanna Kuligowska;KS PA£AC Bydgoszcz;2016/2017
Jagoda Maternia;KS PA£AC Bydgoszcz;2016/2017
Ma³gorzata Lisiak;KS PA£AC Bydgoszcz;2016/2017
Paulina Ba³dyga;KS PA£AC Bydgoszcz;2016/2017
Marlena Kowalewska;KS PA£AC Bydgoszcz;2016/2017
Weronika Fojucik;KS PA£AC Bydgoszcz;2016/2017
Daria D¹browska;KS PA£AC Bydgoszcz;2016/2017
Roksana Wers;KSZO OSTROWIEC;2016/2017
Kamila Colik;KSZO OSTROWIEC;2016/2017
Ewelina Polak;KSZO OSTROWIEC;2016/2017
Paulina Stroiw¹s;KSZO OSTROWIEC;2016/2017
Dorota Œciurka;KSZO OSTROWIEC;2016/2017
Joanna Kapturska;KSZO OSTROWIEC;2016/2017
Paulina Szpak;KSZO OSTROWIEC;2016/2017
Magdalena Soter;KSZO OSTROWIEC;2016/2017
Zuzanna Czy¿nielewska;KSZO OSTROWIEC;2016/2017
Olga Pauliukouskaya;KSZO OSTROWIEC;2016/2017
Katarzyna Sza³ankiewicz;KSZO OSTROWIEC;2016/2017
Sava Thaka;KSZO OSTROWIEC;2016/2017
Aleksandra Jociæ;KSZO OSTROWIEC;2016/2017
Julia Piotrowska;KSZO OSTROWIEC;2016/2017
Joanna Ciesielczyk;KSZO OSTROWIEC;2016/2017
Zuzanna Urbañska;KSZO OSTROWIEC;2016/2017
Barbara Zakoœcielna;Legionovia Legionowo;2016/2017
Anna Korabiec;Legionovia Legionowo;2016/2017
Joanna Pacak;Legionovia Legionowo;2016/2017
Klaudia Turkot;Legionovia Legionowo;2016/2017
Aleksandra Rasiñska;Legionovia Legionowo;2016/2017
Katarzyna Wawrzyniak;Legionovia Legionowo;2016/2017
Ewelina Miko³ajewska;Legionovia Legionowo;2016/2017
Iga Wasilewska;Legionovia Legionowo;2016/2017
Katarzyna Po³eæ;Legionovia Legionowo;2016/2017
Alicja Grabka;Legionovia Legionowo;2016/2017
Monika Ga³kowska;Legionovia Legionowo;2016/2017
Adriana Adamek;Legionovia Legionowo;2016/2017
Klaudia Alagierska-Szczepaniak;Legionovia Legionowo;2016/2017
Anna B¹czyñska;Legionovia Legionowo;2016/2017
Agata Skiba;Legionovia Legionowo;2016/2017
Izabella Szyjka;£KS Commercecon £ódŸ;2016/2017
Ewa Kwiatkowska;£KS Commercecon £ódŸ;2016/2017
Alicja Leszek;£KS Commercecon £ódŸ;2016/2017
Katarina Osadchuk;£KS Commercecon £ódŸ;2016/2017
Julita Rafa³ko;£KS Commercecon £ódŸ;2016/2017
Katarzyna Bryda;£KS Commercecon £ódŸ;2016/2017
Agata Wawrzyñczyk;£KS Commercecon £ódŸ;2016/2017
Katarzyna Sielicka;£KS Commercecon £ódŸ;2016/2017
Patrycja Tomczyk;£KS Commercecon £ódŸ;2016/2017
Lucie Muhlsteinova;£KS Commercecon £ódŸ;2016/2017
Izabela Kowaliñska;£KS Commercecon £ódŸ;2016/2017
Krystyna Strasz;£KS Commercecon £ódŸ;2016/2017
Gvanca Markarashvili;£KS Commercecon £ódŸ;2016/2017
Agnieszka Wo³oszyn;£KS Commercecon £ódŸ;2016/2017
Gvanca Ulumbelashvili;£KS Commercecon £ódŸ;2016/2017
Tamara Susiæ;£KS Commercecon £ódŸ;2016/2017
Anna Paw³owska;£KS Commercecon £ódŸ;2016/2017
Magdalena Szabó;Polski Cukier Muszynianka;2016/2017
Maja Saviæ;Polski Cukier Muszynianka;2016/2017
Anna Grejman;Polski Cukier Muszynianka;2016/2017
Magdalena Kowalczyk;Polski Cukier Muszynianka;2016/2017
Ma³gorzata Lis;Polski Cukier Muszynianka;2016/2017
Natasa Cikiriz;Polski Cukier Muszynianka;2016/2017
Aleksandra Szczepañska;Polski Cukier Muszynianka;2016/2017
Justyna Wojtowicz;Polski Cukier Muszynianka;2016/2017
Aleksandra Wójcik;Polski Cukier Muszynianka;2016/2017
Dorota Medyñska;Polski Cukier Muszynianka;2016/2017
Dorota Wilk;Polski Cukier Muszynianka;2016/2017
Marina Cvetanovic;Polski Cukier Muszynianka;2016/2017
Tanja Srediæ;Polski Cukier Muszynianka;2016/2017
Noris Cabrera;Tauron MKS D¹browa Górnicza;2016/2017
Helena Horka;Tauron MKS D¹browa Górnicza;2016/2017
Regan Scott;Tauron MKS D¹browa Górnicza;2016/2017
Eleonora Dziêkiewicz;Tauron MKS D¹browa Górnicza;2016/2017
Anna Miros;Tauron MKS D¹browa Górnicza;2016/2017
Daria Paszek;Tauron MKS D¹browa Górnicza;2016/2017
Marta Pamu³a;Tauron MKS D¹browa Górnicza;2016/2017
Izabela Lemañczyk;Tauron MKS D¹browa Górnicza;2016/2017
Kathleen Weiss;Tauron MKS D¹browa Górnicza;2016/2017
Kamila Witkowska;Tauron MKS D¹browa Górnicza;2016/2017
Tamara Ga³ucha;Tauron MKS D¹browa Górnicza;2016/2017
Dominika Sobolska;Tauron MKS D¹browa Górnicza;2016/2017
Kinga Drabek;Tauron MKS D¹browa Górnicza;2016/2017
Yael Castiglione;Tauron MKS D¹browa Górnicza;2016/2017
Aleksandra Sikorska;Tauron MKS D¹browa Górnicza;2016/2017
Barbara Zakoœcielna;BKS PROFI CREDIT Bielsko-Bia³a;2017/2018
Julia Nowicka;BKS PROFI CREDIT Bielsko-Bia³a;2017/2018
Olivia Ró¿añski;BKS PROFI CREDIT Bielsko-Bia³a;2017/2018
Aleksandra Jagie³o;BKS PROFI CREDIT Bielsko-Bia³a;2017/2018
Katarzyna Konieczna;BKS PROFI CREDIT Bielsko-Bia³a;2017/2018
Kornelia Moskwa;BKS PROFI CREDIT Bielsko-Bia³a;2017/2018
Marlena Kowalewska;BKS PROFI CREDIT Bielsko-Bia³a;2017/2018
Nia Grant;BKS PROFI CREDIT Bielsko-Bia³a;2017/2018
Gina Mancuso;BKS PROFI CREDIT Bielsko-Bia³a;2017/2018
Izabela Lemañczyk;BKS PROFI CREDIT Bielsko-Bia³a;2017/2018
Martyna Œwirad;BKS PROFI CREDIT Bielsko-Bia³a;2017/2018
Dominika Sobolska;BKS PROFI CREDIT Bielsko-Bia³a;2017/2018
Emilia Mucha;BKS PROFI CREDIT Bielsko-Bia³a;2017/2018
Aneta Wilczek;BKS PROFI CREDIT Bielsko-Bia³a;2017/2018
Wiktoria Szumera;BKS PROFI CREDIT Bielsko-Bia³a;2017/2018
Bianka Busa;Chemik Police;2017/2018
Alex Holston;Chemik Police;2017/2018
Katarzyna Gajga³-Anio³;Chemik Police;2017/2018
Agnieszka Bednarek;Chemik Police;2017/2018
Malwina Smarzek;Chemik Police;2017/2018
Izabela Be³cik;Chemik Police;2017/2018
Berenika Tomsia;Chemik Police;2017/2018
Stefana Veljkoviæ;Chemik Police;2017/2018
Sladjana Mirkoviæ;Chemik Police;2017/2018
Natalia Mêdrzyk;Chemik Police;2017/2018
Strashimira Simeonova ;Chemik Police;2017/2018
Aleksandra Krzos;Chemik Police;2017/2018
Katarzyna Zaroœliñska-Król;Chemik Police;2017/2018
Helene Rousseaux;Developres SkyRes Rzeszów;2017/2018
Monika Ptak;Developres SkyRes Rzeszów;2017/2018
Magdalena Hawry³a;Developres SkyRes Rzeszów;2017/2018
Katarzyna ¯abiñska;Developres SkyRes Rzeszów;2017/2018
Ewa ¯ak;Developres SkyRes Rzeszów;2017/2018
Anna Kaczmar;Developres SkyRes Rzeszów;2017/2018
Agata Sawicka;Developres SkyRes Rzeszów;2017/2018
Adela Heliæ;Developres SkyRes Rzeszów;2017/2018
Kamila Witkowska;Developres SkyRes Rzeszów;2017/2018
Agnieszka Rabka;Developres SkyRes Rzeszów;2017/2018
Klaudia Kaczorowska;Developres SkyRes Rzeszów;2017/2018
Juliia Andruszko;Developres SkyRes Rzeszów;2017/2018
Lucyna Borek;Developres SkyRes Rzeszów;2017/2018
Pola Nowakowska;Developres SkyRes Rzeszów;2017/2018
Jelena Blagojeviæ;Developres SkyRes Rzeszów;2017/2018
Jelena Trniæ;Enea PTPS Pi³a;2017/2018
¯aneta Baran;Enea PTPS Pi³a;2017/2018
Karolina Ró¿ycka;Enea PTPS Pi³a;2017/2018
Anita Kwiatkowska;Enea PTPS Pi³a;2017/2018
Dajana Boskoviæ;Enea PTPS Pi³a;2017/2018
Anna Obia³a;Enea PTPS Pi³a;2017/2018
Jessica Walker;Enea PTPS Pi³a;2017/2018
Agata Babicz;Enea PTPS Pi³a;2017/2018
Emilia Szubert;Enea PTPS Pi³a;2017/2018
Dorota Wilk;Enea PTPS Pi³a;2017/2018
Oliwia Urban;Enea PTPS Pi³a;2017/2018
Justyna £ysiak;Enea PTPS Pi³a;2017/2018
Anna Paw³owska;Enea PTPS Pi³a;2017/2018
Hana Cutura;Grot Budowlani £ódŸ;2017/2018
Gabriela Polañska;Grot Budowlani £ódŸ;2017/2018
Ewelina Polak;Grot Budowlani £ódŸ;2017/2018
Agnieszka Korneluk;Grot Budowlani £ódŸ;2017/2018
Julia Piotrowska;Grot Budowlani £ódŸ;2017/2018
Julia K¹kol;Grot Budowlani £ódŸ;2017/2018
Adrianna Muszyñska;Grot Budowlani £ódŸ;2017/2018
Justyna Kêdziora;Grot Budowlani £ódŸ;2017/2018
Agata Witkowska;Grot Budowlani £ódŸ;2017/2018
Kaja Grobelna;Grot Budowlani £ódŸ;2017/2018
Pavla Smidova;Grot Budowlani £ódŸ;2017/2018
Martyna Grajber;Grot Budowlani £ódŸ;2017/2018
Valerie Nichol;Impel Wroc³aw;2017/2018
Sonia Flendrich;Impel Wroc³aw;2017/2018
Julia Szczurowska;Impel Wroc³aw;2017/2018
Weronika Wo³odko;Impel Wroc³aw;2017/2018
Natalia Murek;Impel Wroc³aw;2017/2018
Sandra Œwiêtoñ;Impel Wroc³aw;2017/2018
Magdalena Ociepa;Impel Wroc³aw;2017/2018
Karolina Pancewicz;Impel Wroc³aw;2017/2018
Aleksandra Trojan;Impel Wroc³aw;2017/2018
Tamara Ga³ucha;Impel Wroc³aw;2017/2018
Maria Stenzel;Impel Wroc³aw;2017/2018
Anna £ozowska;Impel Wroc³aw;2017/2018
Ilona Gierak;Impel Wroc³aw;2017/2018
Iga Wasilewska;Impel Wroc³aw;2017/2018
Joanna Nickowska;KS PA£AC Bydgoszcz;2017/2018
Monika Jag³a;KS PA£AC Bydgoszcz;2017/2018
Marta Pol;KS PA£AC Bydgoszcz;2017/2018
Natalia Misiuna;KS PA£AC Bydgoszcz;2017/2018
Zuzanna Czy¿nielewska;KS PA£AC Bydgoszcz;2017/2018
Magdalena Mazurek;KS PA£AC Bydgoszcz;2017/2018
Ewelina ¯urowska;KS PA£AC Bydgoszcz;2017/2018
Katarzyna Wenerska;KS PA£AC Bydgoszcz;2017/2018
Joanna Kuligowska;KS PA£AC Bydgoszcz;2017/2018
Jagoda Maternia;KS PA£AC Bydgoszcz;2017/2018
Paulina Œwider;KS PA£AC Bydgoszcz;2017/2018
Kinga Ró¿yñska;KS PA£AC Bydgoszcz;2017/2018
Monika Fedusio;KS PA£AC Bydgoszcz;2017/2018
Weronika Fojucik;KS PA£AC Bydgoszcz;2017/2018
Sandra Szczygio³;KS PA£AC Bydgoszcz;2017/2018
Ma³gorzata Andersohn;KS PA£AC Bydgoszcz;2017/2018
Katarzyna Sza³ankiewicz;KSZO Ostrowiec Œwiêtokrzyski;2017/2018
Justyna Wojtowicz;KSZO Ostrowiec Œwiêtokrzyski;2017/2018
Marta Biedziak;KSZO Ostrowiec Œwiêtokrzyski;2017/2018
Paulina Stroiw¹s;KSZO Ostrowiec Œwiêtokrzyski;2017/2018
Aleksandra Wañczyk;KSZO Ostrowiec Œwiêtokrzyski;2017/2018
Anna Miros;KSZO Ostrowiec Œwiêtokrzyski;2017/2018
Natalia Skrzypkowska;KSZO Ostrowiec Œwiêtokrzyski;2017/2018
Magdalena Soter;KSZO Ostrowiec Œwiêtokrzyski;2017/2018
Koleta £yszkiewicz;KSZO Ostrowiec Œwiêtokrzyski;2017/2018
Olga Pauliukouskaya;KSZO Ostrowiec Œwiêtokrzyski;2017/2018
Magdalena Gryka;KSZO Ostrowiec Œwiêtokrzyski;2017/2018
Joanna Ciesielczyk;KSZO Ostrowiec Œwiêtokrzyski;2017/2018
Alicja Markiewicz;KSZO Ostrowiec Œwiêtokrzyski;2017/2018
Ma³gorzata Jasek;Legionovia Legionowo;2017/2018
Beata Olenderek;Legionovia Legionowo;2017/2018
Joanna Pacak;Legionovia Legionowo;2017/2018
Magdalena Damaske-Dawid;Legionovia Legionowo;2017/2018
Aleksandra Rasiñska;Legionovia Legionowo;2017/2018
Ewelina Miko³ajewska;Legionovia Legionowo;2017/2018
Alicja Wójcik;Legionovia Legionowo;2017/2018
Anna B¹czyñska;Legionovia Legionowo;2017/2018
Alicja Grabka;Legionovia Legionowo;2017/2018
Adriana Adamek;Legionovia Legionowo;2017/2018
Klaudia Alagierska-Szczepaniak;Legionovia Legionowo;2017/2018
Anna Korabiec;Legionovia Legionowo;2017/2018
Paulina Szpak;Legionovia Legionowo;2017/2018
Izabella Szyjka;£KS Commercecon £ódŸ;2017/2018
Ewa Kwiatkowska;£KS Commercecon £ódŸ;2017/2018
Ma³gorzata Skorupa;£KS Commercecon £ódŸ;2017/2018
Regiane Bidias;£KS Commercecon £ódŸ;2017/2018
Julita Rafa³ko;£KS Commercecon £ódŸ;2017/2018
Dominika Mras;£KS Commercecon £ódŸ;2017/2018
Agata Wawrzyñczyk;£KS Commercecon £ódŸ;2017/2018
Katarzyna Sielicka;£KS Commercecon £ódŸ;2017/2018
Deja McClendon;£KS Commercecon £ódŸ;2017/2018
Lucie Muhlsteinova;£KS Commercecon £ódŸ;2017/2018
Izabela Kowaliñska;£KS Commercecon £ódŸ;2017/2018
Krystyna Strasz;£KS Commercecon £ódŸ;2017/2018
Zuzanna Efimienko-M³otkowska;£KS Commercecon £ódŸ;2017/2018
Athina Papafotiou;£KS Commercecon £ódŸ;2017/2018
Anastazja Baidiuk;MKS D¹browa Górnicza;2017/2018
Kamila Colik;MKS D¹browa Górnicza;2017/2018
Aljona Martiniuc;MKS D¹browa Górnicza;2017/2018
Simona Dreczka;MKS D¹browa Górnicza;2017/2018
Ewelina Tobiasz;MKS D¹browa Górnicza;2017/2018
Aleksandra Lipska;MKS D¹browa Górnicza;2017/2018
Barbora Purchartova;MKS D¹browa Górnicza;2017/2018
Patrycja Balmas;MKS D¹browa Górnicza;2017/2018
Marta Pamu³a;MKS D¹browa Górnicza;2017/2018
Natalia Perliñska;MKS D¹browa Górnicza;2017/2018
Agata Michalewicz;MKS D¹browa Górnicza;2017/2018
Anna Grbac;MKS D¹browa Górnicza;2017/2018
Kinga Drabek;MKS D¹browa Górnicza;2017/2018
Sanja Trivunoviæ;MKS D¹browa Górnicza;2017/2018
Aleksandra Sikorska;MKS D¹browa Górnicza;2017/2018
Dorota Œciurka;POLI Budowlani Toruñ;2017/2018
Aleksandra Szczyg³owska;POLI Budowlani Toruñ;2017/2018
Marina Paulava;POLI Budowlani Toruñ;2017/2018
Gabriela Jasiñska;POLI Budowlani Toruñ;2017/2018
Anna Lewandowska;POLI Budowlani Toruñ;2017/2018
Marta Wójcik;POLI Budowlani Toruñ;2017/2018
Izabela Ba³ucka;POLI Budowlani Toruñ;2017/2018
Ewa Bimkiewicz;POLI Budowlani Toruñ;2017/2018
Ewelina Ryznar;POLI Budowlani Toruñ;2017/2018
Marta Janik;POLI Budowlani Toruñ;2017/2018
Agata Nowak;POLI Budowlani Toruñ;2017/2018
Marina Cvetanovic;POLI Budowlani Toruñ;2017/2018
Julia Kavalenka;POLI Budowlani Toruñ;2017/2018
Kinga Hatala;POLI Budowlani Toruñ;2017/2018
Roksana Wers;Polski Cukier Muszynianka Muszyna;2017/2018
Ma³gorzata Lisiak;Polski Cukier Muszynianka Muszyna;2017/2018
Maja Saviæ;Polski Cukier Muszynianka Muszyna;2017/2018
Aleksandra Wójcik;Polski Cukier Muszynianka Muszyna;2017/2018
Karolina Portalska;Polski Cukier Muszynianka Muszyna;2017/2018
Patrycja Flakus;Polski Cukier Muszynianka Muszyna;2017/2018
Danica Radenkovic;Polski Cukier Muszynianka Muszyna;2017/2018
Ma³gorzata Lis;Polski Cukier Muszynianka Muszyna;2017/2018
Monika Ga³kowska;Polski Cukier Muszynianka Muszyna;2017/2018
Paulina Ba³dyga;Polski Cukier Muszynianka Muszyna;2017/2018
Dorota Medyñska;Polski Cukier Muszynianka Muszyna;2017/2018
Mariya Karakasheva;Polski Cukier Muszynianka Muszyna;2017/2018
Zsuzsanna Talas;Trefl Proxima Kraków;2017/2018
Paula Czerwiñska;Trefl Proxima Kraków;2017/2018
Jowita Jaroszewicz;Trefl Proxima Kraków;2017/2018
Kinga Wysokiñska;Trefl Proxima Kraków;2017/2018
Sarah Clement;Trefl Proxima Kraków;2017/2018
Agnieszka WoŸniak;Trefl Proxima Kraków;2017/2018
Adrianna Szady;Trefl Proxima Kraków;2017/2018
Aleksandra Szymañska;Trefl Proxima Kraków;2017/2018
Daria Paszek;Trefl Proxima Kraków;2017/2018
Justyna £ukasik;Trefl Proxima Kraków;2017/2018
Ewelina Brzeziñska;Trefl Proxima Kraków;2017/2018
Klaudia Kulig;Trefl Proxima Kraków;2017/2018
Martyna £ukasik;Trefl Proxima Kraków;2017/2018
Rebbeca Pavan;Trefl Proxima Kraków;2017/2018
Roksana Wers;#VolleyWroc³aw;2018/2019
Klaudia Felak;#VolleyWroc³aw;2018/2019
Karolina Piœla;#VolleyWroc³aw;2018/2019
Aleksandra Gancarz;#VolleyWroc³aw;2018/2019
Aleksandra Rasiñska;#VolleyWroc³aw;2018/2019
Weronika Wo³odko;#VolleyWroc³aw;2018/2019
Magdalena Soter;#VolleyWroc³aw;2018/2019
Natalia Murek;#VolleyWroc³aw;2018/2019
Magdalena Dzikowicz;#VolleyWroc³aw;2018/2019
Natalia Gajewska;#VolleyWroc³aw;2018/2019
Karolina Pancewicz;#VolleyWroc³aw;2018/2019
Monika Potokar;#VolleyWroc³aw;2018/2019
Anna £ozowska;#VolleyWroc³aw;2018/2019
Roksana Irzemska;#VolleyWroc³aw;2018/2019
Jolanta Kelner;#VolleyWroc³aw;2018/2019
Patrycja Balmas;Bank Pocztowy Pa³ac Bydgoszcz;2018/2019
Monika Jag³a;Bank Pocztowy Pa³ac Bydgoszcz;2018/2019
Marta Pol;Bank Pocztowy Pa³ac Bydgoszcz;2018/2019
Natalia Misiuna;Bank Pocztowy Pa³ac Bydgoszcz;2018/2019
Maja Pahor;Bank Pocztowy Pa³ac Bydgoszcz;2018/2019
Magdalena Mazurek;Bank Pocztowy Pa³ac Bydgoszcz;2018/2019
Ewelina ¯urowska;Bank Pocztowy Pa³ac Bydgoszcz;2018/2019
Tamara Ga³ucha;Bank Pocztowy Pa³ac Bydgoszcz;2018/2019
Joanna Kuligowska;Bank Pocztowy Pa³ac Bydgoszcz;2018/2019
Kinga Ró¿yñska;Bank Pocztowy Pa³ac Bydgoszcz;2018/2019
Monika Fedusio;Bank Pocztowy Pa³ac Bydgoszcz;2018/2019
Ma³gorzata Andersohn;Bank Pocztowy Pa³ac Bydgoszcz;2018/2019
Marta Wellna;BKS PROFI CREDIT Bielsko-Bia³a;2018/2019
Julia Nowicka;BKS PROFI CREDIT Bielsko-Bia³a;2018/2019
Olivia Ró¿añski;BKS PROFI CREDIT Bielsko-Bia³a;2018/2019
Marta £yczakowska;BKS PROFI CREDIT Bielsko-Bia³a;2018/2019
Klaudia Kubacka;BKS PROFI CREDIT Bielsko-Bia³a;2018/2019
Katarzyna Konieczna;BKS PROFI CREDIT Bielsko-Bia³a;2018/2019
Nina Herelova;BKS PROFI CREDIT Bielsko-Bia³a;2018/2019
Dominika Kozyra;BKS PROFI CREDIT Bielsko-Bia³a;2018/2019
Paulina Maj-Erwardt;BKS PROFI CREDIT Bielsko-Bia³a;2018/2019
Magda Jagodziñska;BKS PROFI CREDIT Bielsko-Bia³a;2018/2019
Martyna Œwirad;BKS PROFI CREDIT Bielsko-Bia³a;2018/2019
Ewa Kostera;BKS PROFI CREDIT Bielsko-Bia³a;2018/2019
Kornelia Moskwa;BKS PROFI CREDIT Bielsko-Bia³a;2018/2019
Emilia Mucha;BKS PROFI CREDIT Bielsko-Bia³a;2018/2019
Bianka Busa;Chemik Police;2018/2019
Martyna Grajber;Chemik Police;2018/2019
Agnieszka Bednarek;Chemik Police;2018/2019
Justyna £ukasik;Chemik Police;2018/2019
Marlena Kowalewska;Chemik Police;2018/2019
Iga Wasilewska;Chemik Police;2018/2019
Sanja Gamma;Chemik Police;2018/2019
Martyna £ukasik;Chemik Police;2018/2019
Chiaka Ogbogu;Chemik Police;2018/2019
Sladjana Mirkoviæ;Chemik Police;2018/2019
Natalia Mêdrzyk;Chemik Police;2018/2019
Aleksandra Krzos;Chemik Police;2018/2019
Justyna £ysiak;Chemik Police;2018/2019
Helene Rousseaux;Developres SkyRes Rzeszów;2018/2019
Maja Tokarska;Developres SkyRes Rzeszów;2018/2019
Kamila Witkowska;Developres SkyRes Rzeszów;2018/2019
Barbara Zakoœcielna;Developres SkyRes Rzeszów;2018/2019
Magdalena Hawry³a;Developres SkyRes Rzeszów;2018/2019
Katarzyna ¯abiñska;Developres SkyRes Rzeszów;2018/2019
Jelena Blagojeviæ;Developres SkyRes Rzeszów;2018/2019
Petya Barakowa;Developres SkyRes Rzeszów;2018/2019
Agata Sawicka;Developres SkyRes Rzeszów;2018/2019
Michaela Mlejnkova;Developres SkyRes Rzeszów;2018/2019
Dorota Medyñska;Developres SkyRes Rzeszów;2018/2019
Agnieszka Rabka;Developres SkyRes Rzeszów;2018/2019
Kinga Hatala;Developres SkyRes Rzeszów;2018/2019
Katarzyna Zaroœliñska-Król;Developres SkyRes Rzeszów;2018/2019
Eva Yaneva;Developres SkyRes Rzeszów;2018/2019
Ma³gorzata Jasek;DPD Legionovia Legionowo;2018/2019
Beata Olenderek;DPD Legionovia Legionowo;2018/2019
Ewelina Polak;DPD Legionovia Legionowo;2018/2019
Zuzanna Górecka;DPD Legionovia Legionowo;2018/2019
Magdalena Damaske-Dawid;DPD Legionovia Legionowo;2018/2019
Ma³gorzata Skorupa;DPD Legionovia Legionowo;2018/2019
Alicja Wójcik;DPD Legionovia Legionowo;2018/2019
Agnieszka Adamek;DPD Legionovia Legionowo;2018/2019
Aleksandra Rojecka;DPD Legionovia Legionowo;2018/2019
Adriana Adamek;DPD Legionovia Legionowo;2018/2019
Maria WoŸniak;DPD Legionovia Legionowo;2018/2019
Krystyna Kicka;DPD Legionovia Legionowo;2018/2019
Aleksandra Gryka;DPD Legionovia Legionowo;2018/2019
Julia Sobalska;DPD Legionovia Legionowo;2018/2019
Cassidy Pickrell;DPD Legionovia Legionowo;2018/2019
Natalia Skrzypkowska;E.Leclerc Radomka Radom;2018/2019
Olga Samul;E.Leclerc Radomka Radom;2018/2019
Sara Sakradzija;E.Leclerc Radomka Radom;2018/2019
Alicja Grabka;E.Leclerc Radomka Radom;2018/2019
Maja Pelczarska;E.Leclerc Radomka Radom;2018/2019
Julita Molenda;E.Leclerc Radomka Radom;2018/2019
Izabela Ba³ucka;E.Leclerc Radomka Radom;2018/2019
Gabriela Borawska;E.Leclerc Radomka Radom;2018/2019
Sonia Kubacka;E.Leclerc Radomka Radom;2018/2019
Kinga Drabek;E.Leclerc Radomka Radom;2018/2019
Renata Bia³a;E.Leclerc Radomka Radom;2018/2019
Brittany Abercrombie;E.Leclerc Radomka Radom;2018/2019
Gabriela Ponikowska;E.Leclerc Radomka Radom;2018/2019
Majka Szczepañska-Pogoda;E.Leclerc Radomka Radom;2018/2019
Alishanova Shafagat ;E.Leclerc Radomka Radom;2018/2019
Olga Strantzali;Enea PTPS Pi³a;2018/2019
Paula Czerwiñska;Enea PTPS Pi³a;2018/2019
Monika Kacprzak;Enea PTPS Pi³a;2018/2019
Anna Obia³a;Enea PTPS Pi³a;2018/2019
Marharyta Azizova;Enea PTPS Pi³a;2018/2019
Kamila Kobus;Enea PTPS Pi³a;2018/2019
Izabela Lemañczyk;Enea PTPS Pi³a;2018/2019
Aleksandra Trojan;Enea PTPS Pi³a;2018/2019
Klaudia Kaczorowska;Enea PTPS Pi³a;2018/2019
Patrycja Chrzan;Enea PTPS Pi³a;2018/2019
Anna Paw³owska;Enea PTPS Pi³a;2018/2019
Julia Piotrowska;Enea PTPS Pi³a;2018/2019
Paulina Szpak;Enea PTPS Pi³a;2018/2019
Ma³gorzata Sobolewska;Energa MKS Kalisz;2018/2019
Katarzyna Wawrzyniak;Energa MKS Kalisz;2018/2019
Anna G³owiak;Energa MKS Kalisz;2018/2019
Aleksandra Wañczyk;Energa MKS Kalisz;2018/2019
Alicia Ogoms;Energa MKS Kalisz;2018/2019
Kinga Dybek;Energa MKS Kalisz;2018/2019
Ewelina Janicka;Energa MKS Kalisz;2018/2019
Natalia Strózik;Energa MKS Kalisz;2018/2019
Adrianna Szady;Energa MKS Kalisz;2018/2019
Rebecka Lazic;Energa MKS Kalisz;2018/2019
Agata Nowak;Energa MKS Kalisz;2018/2019
Klaudia Kulig;Energa MKS Kalisz;2018/2019
Aleksandra Cygan;Energa MKS Kalisz;2018/2019
Anna Miros;Energa MKS Kalisz;2018/2019
Ljubica Kecman;Energa MKS Kalisz;2018/2019
Ewelina Brzeziñska;Energa MKS Kalisz;2018/2019
Maria Stenzel;Grot Budowlani £ódŸ;2018/2019
Gabriela Polañska;Grot Budowlani £ódŸ;2018/2019
Magdalena Stysiak;Grot Budowlani £ódŸ;2018/2019
Ma³gorzata Lisiak;Grot Budowlani £ódŸ;2018/2019
Jovana Brakocevic-Canzian;Grot Budowlani £ódŸ;2018/2019
Julia K¹kol;Grot Budowlani £ódŸ;2018/2019
Jaroslava Pencova;Grot Budowlani £ódŸ;2018/2019
Justyna Kêdziora;Grot Budowlani £ódŸ;2018/2019
Agata Babicz;Grot Budowlani £ódŸ;2018/2019
Femke Stoltenborg;Grot Budowlani £ódŸ;2018/2019
Ewelina Tobiasz;Grot Budowlani £ódŸ;2018/2019
Oliwia Urban;Grot Budowlani £ódŸ;2018/2019
Anna B¹czyñska;Grot Budowlani £ódŸ;2018/2019
Zuzanna Kuciñska;KSZO Ostrowiec;2018/2019
Justyna Wojtowicz;KSZO Ostrowiec;2018/2019
Katarzyna Zackiewicz;KSZO Ostrowiec;2018/2019
Natalia Czapla;KSZO Ostrowiec;2018/2019
Olga Geyko;KSZO Ostrowiec;2018/2019
Kinga Kasprzak;KSZO Ostrowiec;2018/2019
Svitlana Dorsman;KSZO Ostrowiec;2018/2019
Koleta £yszkiewicz;KSZO Ostrowiec;2018/2019
Anastasiia Trach;KSZO Ostrowiec;2018/2019
Olga Pauliukouskaya;KSZO Ostrowiec;2018/2019
Emilia Oktaba;KSZO Ostrowiec;2018/2019
Anna Grzechnik;KSZO Ostrowiec;2018/2019
Wiktoria Rdzanek;KSZO Ostrowiec;2018/2019
Ewa Kwiatkowska;£KS Commercecon £ódŸ;2018/2019
Lucie Muhlsteinova;£KS Commercecon £ódŸ;2018/2019
Regiane Bidias;£KS Commercecon £ódŸ;2018/2019
Aleksandra Wójcik;£KS Commercecon £ódŸ;2018/2019
Daria Szczyrba;£KS Commercecon £ódŸ;2018/2019
Agata Wawrzyñczyk;£KS Commercecon £ódŸ;2018/2019
Klaudia Gajewska;£KS Commercecon £ódŸ;2018/2019
Anna Korabiec;£KS Commercecon £ódŸ;2018/2019
Monika Ga³kowska;£KS Commercecon £ódŸ;2018/2019
Krystyna Strasz;£KS Commercecon £ódŸ;2018/2019
Izabela Kowaliñska;£KS Commercecon £ódŸ;2018/2019
Klaudia Alagierska-Szczepaniak;£KS Commercecon £ódŸ;2018/2019
Zuzanna Efimienko-M³otkowska;£KS Commercecon £ódŸ;2018/2019
Marta Wójcik;£KS Commercecon £ódŸ;2018/2019
Roksana Wers;#VolleyWroc³aw;2019/2020
Klaudia Felak;#VolleyWroc³aw;2019/2020
£ucja Kuriata;#VolleyWroc³aw;2019/2020
Aleksandra Gancarz;#VolleyWroc³aw;2019/2020
Aleksandra Rasiñska;#VolleyWroc³aw;2019/2020
Natalia Gajewska;#VolleyWroc³aw;2019/2020
Magdalena Soter;#VolleyWroc³aw;2019/2020
Natalia Murek;#VolleyWroc³aw;2019/2020
Dominika Mras;#VolleyWroc³aw;2019/2020
Magdalena Dzikowicz;#VolleyWroc³aw;2019/2020
Anna £ozowska;#VolleyWroc³aw;2019/2020
Karolina Pancewicz;#VolleyWroc³aw;2019/2020
Kinga Kasprzak;#VolleyWroc³aw;2019/2020
Roksana Irzemska;#VolleyWroc³aw;2019/2020
Kinga Hatala;#VolleyWroc³aw;2019/2020
Karolina Fedorek;#VolleyWroc³aw;2019/2020
Patrycja Balmas;Bank Pocztowy Pa³ac Bydgoszcz;2019/2020
Monika Jag³a;Bank Pocztowy Pa³ac Bydgoszcz;2019/2020
Marta Pol;Bank Pocztowy Pa³ac Bydgoszcz;2019/2020
Anna Obia³a;Bank Pocztowy Pa³ac Bydgoszcz;2019/2020
Julia Reszelewska;Bank Pocztowy Pa³ac Bydgoszcz;2019/2020
Magdalena Mazurek;Bank Pocztowy Pa³ac Bydgoszcz;2019/2020
Ewelina ¯urowska;Bank Pocztowy Pa³ac Bydgoszcz;2019/2020
Tereza Vanzurova;Bank Pocztowy Pa³ac Bydgoszcz;2019/2020
Joanna Kuligowska;Bank Pocztowy Pa³ac Bydgoszcz;2019/2020
Marta Biedziak;Bank Pocztowy Pa³ac Bydgoszcz;2019/2020
Natalia Lijewska;Bank Pocztowy Pa³ac Bydgoszcz;2019/2020
Kinga Ró¿yñska;Bank Pocztowy Pa³ac Bydgoszcz;2019/2020
Monika Fedusio;Bank Pocztowy Pa³ac Bydgoszcz;2019/2020
Izabella Rapacz;Bank Pocztowy Pa³ac Bydgoszcz;2019/2020
Marta Wellna;BKS STAL Bielsko-Bia³a;2019/2020
Marta £yczakowska;BKS STAL Bielsko-Bia³a;2019/2020
Olivia Ró¿añski;BKS STAL Bielsko-Bia³a;2019/2020
Alicia Ogoms;BKS STAL Bielsko-Bia³a;2019/2020
Magdalena Kowalczyk;BKS STAL Bielsko-Bia³a;2019/2020
Nicole Edelman;BKS STAL Bielsko-Bia³a;2019/2020
Ewelina Janicka;BKS STAL Bielsko-Bia³a;2019/2020
Andrea Kossanyiova;BKS STAL Bielsko-Bia³a;2019/2020
Dagmara D¹browska;BKS STAL Bielsko-Bia³a;2019/2020
Carly DeHoog;BKS STAL Bielsko-Bia³a;2019/2020
Martyna Œwirad;BKS STAL Bielsko-Bia³a;2019/2020
Kornelia Moskwa;BKS STAL Bielsko-Bia³a;2019/2020
Kinga Drabek;BKS STAL Bielsko-Bia³a;2019/2020
Adriana Adamek;BKS STAL Bielsko-Bia³a;2019/2020
Alexandra Frantti;Developres SkyRes Rzeszów;2019/2020
Gabriela Polañska;Developres SkyRes Rzeszów;2019/2020
Kamila Witkowska;Developres SkyRes Rzeszów;2019/2020
Magdalena Grabka;Developres SkyRes Rzeszów;2019/2020
Magdalena Hawry³a;Developres SkyRes Rzeszów;2019/2020
Jelena Blagojeviæ;Developres SkyRes Rzeszów;2019/2020
Anna Kaczmar;Developres SkyRes Rzeszów;2019/2020
Zuzanna Efimienko-M³otkowska;Developres SkyRes Rzeszów;2019/2020
Michaela Mlejnkova;Developres SkyRes Rzeszów;2019/2020
Natalia Valentin-Anderson;Developres SkyRes Rzeszów;2019/2020
Tamara Ga³ucha;Developres SkyRes Rzeszów;2019/2020
Aleksandra Krzos;Developres SkyRes Rzeszów;2019/2020
Katarzyna Zaroœliñska-Król;Developres SkyRes Rzeszów;2019/2020
Daria Przyby³a;Developres SkyRes Rzeszów;2019/2020
Maja Tokarska;DPD Legionovia Legionowo;2019/2020
Agata Plaga;DPD Legionovia Legionowo;2019/2020
Julie Oliveira Souza;DPD Legionovia Legionowo;2019/2020
Magda Karpiñska;DPD Legionovia Legionowo;2019/2020
Magdalena Damaske-Dawid;DPD Legionovia Legionowo;2019/2020
Zana Zdovc Sporer;DPD Legionovia Legionowo;2019/2020
Alicja Wójcik;DPD Legionovia Legionowo;2019/2020
Agnieszka Adamek;DPD Legionovia Legionowo;2019/2020
Izabela Lemañczyk;DPD Legionovia Legionowo;2019/2020
Olga Strantzali;DPD Legionovia Legionowo;2019/2020
Juliette Fidon-Lebleu;DPD Legionovia Legionowo;2019/2020
Justyna £ukasik;DPD Legionovia Legionowo;2019/2020
Julia Sobalska;DPD Legionovia Legionowo;2019/2020
Alicja Grabka;DPD Legionovia Legionowo;2019/2020
Marta Matejko;DPD Legionovia Legionowo;2019/2020
Julietta Lazcano;E.LECLERC Radomka Radom;2019/2020
Anna Bodasiñska;E.LECLERC Radomka Radom;2019/2020
Agata Witkowska;E.LECLERC Radomka Radom;2019/2020
Klaudia Laskowska;E.LECLERC Radomka Radom;2019/2020
Paulina Szpak;E.LECLERC Radomka Radom;2019/2020
Izabela Ba³ucka;E.LECLERC Radomka Radom;2019/2020
Marharyta Azizova;E.LECLERC Radomka Radom;2019/2020
Sonia Kubacka;E.LECLERC Radomka Radom;2019/2020
Oliwia Ba³uk;E.LECLERC Radomka Radom;2019/2020
Renata Bia³a;E.LECLERC Radomka Radom;2019/2020
Paulina Zaborowska;E.LECLERC Radomka Radom;2019/2020
Katarzyna Olczyk;E.LECLERC Radomka Radom;2019/2020
Emilia Mucha;E.LECLERC Radomka Radom;2019/2020
Majka Szczepañska-Pogoda;E.LECLERC Radomka Radom;2019/2020
Veronica Jones-Perry;E.LECLERC Radomka Radom;2019/2020
Judyta Gawlak;Enea PTPS Pi³a;2019/2020
Paula Czerwiñska;Enea PTPS Pi³a;2019/2020
Karolina Bednarek;Enea PTPS Pi³a;2019/2020
Magdalena Saad;Enea PTPS Pi³a;2019/2020
Gabriela Ponikowska;Enea PTPS Pi³a;2019/2020
Emilia Szubert;Enea PTPS Pi³a;2019/2020
Aleksandra Kaza³a;Enea PTPS Pi³a;2019/2020
Marta Janiszewska;Enea PTPS Pi³a;2019/2020
Anna Paw³owska;Enea PTPS Pi³a;2019/2020
Oliwia Urban;Enea PTPS Pi³a;2019/2020
Sylwia Kucharska;Enea PTPS Pi³a;2019/2020
¯aneta Baran;Enea PTPS Pi³a;2019/2020
Hillary Hurley;Energa MKS Kalisz;2019/2020
Katarzyna Wawrzyniak;Energa MKS Kalisz;2019/2020
Monika Ptak;Energa MKS Kalisz;2019/2020
Ma³gorzata Jasek;Energa MKS Kalisz;2019/2020
Anna Miros;Energa MKS Kalisz;2019/2020
Adrianna Rybak;Energa MKS Kalisz;2019/2020
Zuzanna Wawrzyniak;Energa MKS Kalisz;2019/2020
Weronika Centka;Energa MKS Kalisz;2019/2020
Adela Heliæ;Energa MKS Kalisz;2019/2020
Adrianna Szady;Energa MKS Kalisz;2019/2020
Jovana Vesoviæ;Energa MKS Kalisz;2019/2020
Ewelina Brzeziñska;Energa MKS Kalisz;2019/2020
Klaudia Kulig;Energa MKS Kalisz;2019/2020
Ljubica Kecman;Energa MKS Kalisz;2019/2020
Justyna £ysiak;Energa MKS Kalisz;2019/2020
Julia Kontowicz;Energa MKS Kalisz;2019/2020
Maria Stenzel;Grot Budowlani £ódŸ;2019/2020
Julia Nowicka;Grot Budowlani £ódŸ;2019/2020
Ma³gorzata Lisiak;Grot Budowlani £ódŸ;2019/2020
Charlotte Leys;Grot Budowlani £ódŸ;2019/2020
Julia K¹kol;Grot Budowlani £ódŸ;2019/2020
Anastasiya Kraiduba;Grot Budowlani £ódŸ;2019/2020
Jaroslava Pencova;Grot Budowlani £ódŸ;2019/2020
Gabriela Maci¹gowski;Grot Budowlani £ódŸ;2019/2020
Agata Babicz;Grot Budowlani £ódŸ;2019/2020
Paulina Ba³dyga;Grot Budowlani £ódŸ;2019/2020
Kaiyi Ren;Grot Budowlani £ódŸ;2019/2020
Anna Lewandowska;Grot Budowlani £ódŸ;2019/2020
Karolina Garstka;Grot Budowlani £ódŸ;2019/2020
Anna B¹czyñska;Grot Budowlani £ódŸ;2019/2020
Ewelina Polak;Grupa Azoty Chemik Police;2019/2020
Martyna Grajber;Grupa Azoty Chemik Police;2019/2020
Iryna Trushkina;Grupa Azoty Chemik Police;2019/2020
Marlena Kowalewska;Grupa Azoty Chemik Police;2019/2020
Agnieszka Bednarek;Grupa Azoty Chemik Police;2019/2020
Katarzyna Po³eæ;Grupa Azoty Chemik Police;2019/2020
Pola Nowakowska;Grupa Azoty Chemik Police;2019/2020
Iga Wasilewska;Grupa Azoty Chemik Police;2019/2020
Wilma Salas Rosell;Grupa Azoty Chemik Police;2019/2020
Martyna £ukasik;Grupa Azoty Chemik Police;2019/2020
Paulina Maj-Erwardt;Grupa Azoty Chemik Police;2019/2020
Natalia Mêdrzyk;Grupa Azoty Chemik Police;2019/2020
Gyselle Silva Franco;Grupa Azoty Chemik Police;2019/2020
Eva Mori;£KS Commercecon £ódŸ;2019/2020
Ewa Kwiatkowska;£KS Commercecon £ódŸ;2019/2020
Joanna Pacak;£KS Commercecon £ódŸ;2019/2020
Natalia Skrzypkowska;£KS Commercecon £ódŸ;2019/2020
Aleksandra Wójcik;£KS Commercecon £ódŸ;2019/2020
Daria Szczyrba;£KS Commercecon £ódŸ;2019/2020
Katarina Lazoviæ;£KS Commercecon £ódŸ;2019/2020
Klaudia Gajewska;£KS Commercecon £ódŸ;2019/2020
Monika Ga³kowska;£KS Commercecon £ódŸ;2019/2020
Krystyna Strasz;£KS Commercecon £ódŸ;2019/2020
Izabela Kowaliñska;£KS Commercecon £ódŸ;2019/2020
Klaudia Alagierska-Szczepaniak;£KS Commercecon £ódŸ;2019/2020
Anna Korabiec;£KS Commercecon £ódŸ;2019/2020
Oliwia Laszczyk;£KS Commercecon £ódŸ;2019/2020
Valeria Caracuta;£KS Commercecon £ódŸ;2019/2020
Weronika Kraszewska;Wis³a Warszawa;2019/2020
Katarzyna Marcyniuk;Wis³a Warszawa;2019/2020
Agnieszka Banasiak;Wis³a Warszawa;2019/2020
Katarzyna Urbanowicz;Wis³a Warszawa;2019/2020
Ewelina Miko³ajewska;Wis³a Warszawa;2019/2020
Aleksandra Szymañska;Wis³a Warszawa;2019/2020
Paulina Biranowska;Wis³a Warszawa;2019/2020
Ma³gorzata Zaciek;Wis³a Warszawa;2019/2020
Monika Lipiñska-Jeziorowska;Wis³a Warszawa;2019/2020
Anna Widera;Wis³a Warszawa;2019/2020
Marta Wellna;#VolleyWroc³aw;2020/2021
Kamila Witkowska;#VolleyWroc³aw;2020/2021
Aleksandra Gancarz;#VolleyWroc³aw;2020/2021
Julia Pañko;#VolleyWroc³aw;2020/2021
Weronika Wo³odko;#VolleyWroc³aw;2020/2021
Joanna Chor¹¿a;#VolleyWroc³aw;2020/2021
Natalia Murek;#VolleyWroc³aw;2020/2021
Agnieszka Adamek;#VolleyWroc³aw;2020/2021
Adrianna Szady;#VolleyWroc³aw;2020/2021
Ma³gorzata Jasek;#VolleyWroc³aw;2020/2021
Karolina Pancewicz;#VolleyWroc³aw;2020/2021
Izabella Rapacz;#VolleyWroc³aw;2020/2021
Anna B¹czyñska;#VolleyWroc³aw;2020/2021
Karolina Fedorek;#VolleyWroc³aw;2020/2021
Paula Czerwiñska;#VolleyWroc³aw;2020/2021
Julia Kleszcz;#VolleyWroc³aw;2020/2021
Aleksandra Kaza³a;BKS BOSTIK Bielsko-Bia³a;2020/2021
Aleksandra Szczyg³owska;BKS BOSTIK Bielsko-Bia³a;2020/2021
Karolina Dru¿kowska;BKS BOSTIK Bielsko-Bia³a;2020/2021
Katarzyna Wawrzyniak;BKS BOSTIK Bielsko-Bia³a;2020/2021
Magdalena Janiuk;BKS BOSTIK Bielsko-Bia³a;2020/2021
Andrea Kossanyiova;BKS BOSTIK Bielsko-Bia³a;2020/2021
Dagmara D¹browska;BKS BOSTIK Bielsko-Bia³a;2020/2021
Martyna Œwirad;BKS BOSTIK Bielsko-Bia³a;2020/2021
Kinga Drabek;BKS BOSTIK Bielsko-Bia³a;2020/2021
Gabriela Orvosova;BKS BOSTIK Bielsko-Bia³a;2020/2021
Dominika Witowska;BKS BOSTIK Bielsko-Bia³a;2020/2021
Weronika Szlagowska;BKS BOSTIK Bielsko-Bia³a;2020/2021
Natalia Gajewska;BKS BOSTIK Bielsko-Bia³a;2020/2021
Gabriela Polañska;Developres SkyRes Rzeszów;2020/2021
Kiera Van Ryk;Developres SkyRes Rzeszów;2020/2021
Magdalena Grabka;Developres SkyRes Rzeszów;2020/2021
Marta £yczakowska;Developres SkyRes Rzeszów;2020/2021
Aleksandra Rasiñska;Developres SkyRes Rzeszów;2020/2021
Jelena Blagojeviæ;Developres SkyRes Rzeszów;2020/2021
Anna Obia³a;Developres SkyRes Rzeszów;2020/2021
Anna Kaczmar;Developres SkyRes Rzeszów;2020/2021
Zuzanna Efimienko-M³otkowska;Developres SkyRes Rzeszów;2020/2021
Alexandra Laziæ;Developres SkyRes Rzeszów;2020/2021
Juliette Fidon-Lebleu;Developres SkyRes Rzeszów;2020/2021
Aleksandra Krzos;Developres SkyRes Rzeszów;2020/2021
Daria Przyby³a;Developres SkyRes Rzeszów;2020/2021
Maja Tokarska;DPD I£Capital Legionovia Legionowo;2020/2021
Julie Oliveira Souza;DPD I£Capital Legionovia Legionowo;2020/2021
Jessica Rivero Marin;DPD I£Capital Legionovia Legionowo;2020/2021
Olivia Ró¿añski;DPD I£Capital Legionovia Legionowo;2020/2021
Daria Szczyrba;DPD I£Capital Legionovia Legionowo;2020/2021
Zana Zdovc Sporer;DPD I£Capital Legionovia Legionowo;2020/2021
Shelly Stafford;DPD I£Capital Legionovia Legionowo;2020/2021
Izabela Lemañczyk;DPD I£Capital Legionovia Legionowo;2020/2021
Diana D¹browska;DPD I£Capital Legionovia Legionowo;2020/2021
Hanna Tylska;DPD I£Capital Legionovia Legionowo;2020/2021
Maja Szymañska;DPD I£Capital Legionovia Legionowo;2020/2021
Klaudia Kulig;DPD I£Capital Legionovia Legionowo;2020/2021
Paulina Majkowska;DPD I£Capital Legionovia Legionowo;2020/2021
Alicja Grabka;DPD I£Capital Legionovia Legionowo;2020/2021
Marta Matejko;DPD I£Capital Legionovia Legionowo;2020/2021
Ana Bjelica;E.LECLERC MOYA Radomka Radom;2020/2021
Samara Rodrigues De Almeida;E.LECLERC MOYA Radomka Radom;2020/2021
Bruna Honorio Marques;E.LECLERC MOYA Radomka Radom;2020/2021
Klaudia Laskowska;E.LECLERC MOYA Radomka Radom;2020/2021
Agata Witkowska;E.LECLERC MOYA Radomka Radom;2020/2021
Izabela Ba³ucka;E.LECLERC MOYA Radomka Radom;2020/2021
Andressa Picussa;E.LECLERC MOYA Radomka Radom;2020/2021
Janisa Johnson;E.LECLERC MOYA Radomka Radom;2020/2021
Justyna £ukasik;E.LECLERC MOYA Radomka Radom;2020/2021
Julia K¹kol;E.LECLERC MOYA Radomka Radom;2020/2021
Renata Bia³a;E.LECLERC MOYA Radomka Radom;2020/2021
Paulina Zaborowska;E.LECLERC MOYA Radomka Radom;2020/2021
Kornelia Moskwa;E.LECLERC MOYA Radomka Radom;2020/2021
Katarzyna Skorupa;E.LECLERC MOYA Radomka Radom;2020/2021
Zuzanna Zieliñska;E.LECLERC MOYA Radomka Radom;2020/2021
Judyta Gawlak;Enea PTPS Pi³a;2020/2021
Angelika Wystel;Enea PTPS Pi³a;2020/2021
Julia Rajewska;Enea PTPS Pi³a;2020/2021
Maja Pelczarska;Enea PTPS Pi³a;2020/2021
Patrycja G¹dek;Enea PTPS Pi³a;2020/2021
Gabriela Ponikowska;Enea PTPS Pi³a;2020/2021
Alina Bartkowska;Enea PTPS Pi³a;2020/2021
Anna Bodasiñska;Enea PTPS Pi³a;2020/2021
Anna Paw³owska;Enea PTPS Pi³a;2020/2021
Koleta £yszkiewicz;Enea PTPS Pi³a;2020/2021
Ewelina Polak;Energa MKS Kalisz;2020/2021
Monika Ptak;Energa MKS Kalisz;2020/2021
Karolina Bednarek;Energa MKS Kalisz;2020/2021
Julia Szczurowska;Energa MKS Kalisz;2020/2021
Julia Papszun;Energa MKS Kalisz;2020/2021
Magdalena Damaske-Dawid;Energa MKS Kalisz;2020/2021
Zuzanna Wawrzyniak;Energa MKS Kalisz;2020/2021
Marta Budnik;Energa MKS Kalisz;2020/2021
Aleksandra Gromadowska;Energa MKS Kalisz;2020/2021
Monika Ga³kowska;Energa MKS Kalisz;2020/2021
Emilia Mucha;Energa MKS Kalisz;2020/2021
Julia Mazur;Energa MKS Kalisz;2020/2021
Justyna £ysiak;Energa MKS Kalisz;2020/2021
Patrycja Chrzan;Energa MKS Kalisz;2020/2021
Oliwia Ba³uk;Energa MKS Kalisz;2020/2021
Sylwia Kucharska;Energa MKS Kalisz;2020/2021
Maria Stenzel;Grot Budowlani £ódŸ;2020/2021
Julia Nowicka;Grot Budowlani £ódŸ;2020/2021
Oliwia Michalak;Grot Budowlani £ódŸ;2020/2021
Ma³gorzata Lisiak;Grot Budowlani £ódŸ;2020/2021
Anna Lewandowska;Grot Budowlani £ódŸ;2020/2021
Zuzanna Górecka;Grot Budowlani £ódŸ;2020/2021
Weronika Centka;Grot Budowlani £ódŸ;2020/2021
Veronica Jones-Perry;Grot Budowlani £ódŸ;2020/2021
Monika Fedusio;Grot Budowlani £ódŸ;2020/2021
Justyna Kêdziora;Grot Budowlani £ódŸ;2020/2021
Oliwia Poreda;Grot Budowlani £ódŸ;2020/2021
Paulina Damaske;Grot Budowlani £ódŸ;2020/2021
Martyna Grajber;Grupa Azoty Chemik Police;2020/2021
Marlena Kowalewska;Grupa Azoty Chemik Police;2020/2021
Agnieszka Korneluk;Grupa Azoty Chemik Police;2020/2021
Jovana Brakocevic-Canzian;Grupa Azoty Chemik Police;2020/2021
Katarzyna Po³eæ;Grupa Azoty Chemik Police;2020/2021
Indy Baijens;Grupa Azoty Chemik Police;2020/2021
Iga Wasilewska;Grupa Azoty Chemik Police;2020/2021
Wilma Salas Rosell;Grupa Azoty Chemik Police;2020/2021
Martyna £ukasik;Grupa Azoty Chemik Police;2020/2021
Olga Strantzali;Grupa Azoty Chemik Police;2020/2021
Paulina Maj-Erwardt;Grupa Azoty Chemik Police;2020/2021
Natalia Mêdrzyk;Grupa Azoty Chemik Police;2020/2021
Aleksandra ¯urawska;Grupa Azoty Chemik Police;2020/2021
Paulina Ba³dyga;Grupa Azoty Chemik Police;2020/2021
Sinead Jack Kisal;Grupa Azoty Chemik Police;2020/2021
Sonia Kubacka;Grupa Azoty Chemik Police;2020/2021
Martyna Gorzkiewicz;Joker Œwiecie;2020/2021
Katarzyna Urbanowicz;Joker Œwiecie;2020/2021
Katarzyna Marcyniuk;Joker Œwiecie;2020/2021
Adrianna Kukulska;Joker Œwiecie;2020/2021
Paulina Brzoska;Joker Œwiecie;2020/2021
Agata Nowak;Joker Œwiecie;2020/2021
Joanna Sikorska;Joker Œwiecie;2020/2021
Katarzyna Wenerska;Joker Œwiecie;2020/2021
Aleksandra Muszyñska;Joker Œwiecie;2020/2021
Pola Nowacka;Joker Œwiecie;2020/2021
Natalia Skrzypkowska;Joker Œwiecie;2020/2021
Wiktoria Kowalska;Joker Œwiecie;2020/2021
Adrianna Muszyñska;Joker Œwiecie;2020/2021
Oliwia Urban;Joker Œwiecie;2020/2021
Magdalena Jurczyk;Joker Œwiecie;2020/2021
Katarina Osadchuk;£KS Commercecon £ódŸ;2020/2021
Joanna Pacak;£KS Commercecon £ódŸ;2020/2021
Aleksandra Wójcik;£KS Commercecon £ódŸ;2020/2021
Katarina Lazoviæ;£KS Commercecon £ódŸ;2020/2021
Aleksandra Szczepañska;£KS Commercecon £ódŸ;2020/2021
Nadja Ninkoviæ;£KS Commercecon £ódŸ;2020/2021
Agata Wawrzyñczyk;£KS Commercecon £ódŸ;2020/2021
Britt Bongaerts;£KS Commercecon £ódŸ;2020/2021
Krystyna Strasz;£KS Commercecon £ódŸ;2020/2021
Wiktoria Lach;£KS Commercecon £ódŸ;2020/2021
Klaudia Alagierska-Szczepaniak;£KS Commercecon £ódŸ;2020/2021
Oliwia Laszczyk;£KS Commercecon £ódŸ;2020/2021
Katarzyna Zaroœliñska-Król;£KS Commercecon £ódŸ;2020/2021
Natalia Dró¿d¿;£KS Commercecon £ódŸ;2020/2021
Ann Kalandadze;£KS Commercecon £ódŸ;2020/2021
Magdalena Saad;£KS Commercecon £ódŸ;2020/2021
Alexandra Dascalu;Polskie Przetwory Pa³ac Bydgoszcz;2020/2021
Monika Jag³a;Polskie Przetwory Pa³ac Bydgoszcz;2020/2021
Marta Pol;Polskie Przetwory Pa³ac Bydgoszcz;2020/2021
Magdalena Hawry³a;Polskie Przetwory Pa³ac Bydgoszcz;2020/2021
Julia Reszelewska;Polskie Przetwory Pa³ac Bydgoszcz;2020/2021
Magdalena Mazurek;Polskie Przetwory Pa³ac Bydgoszcz;2020/2021
Ewelina ¯urowska;Polskie Przetwory Pa³ac Bydgoszcz;2020/2021
Paulina Reiter;Polskie Przetwory Pa³ac Bydgoszcz;2020/2021
Zuzanna Kuligowska;Polskie Przetwory Pa³ac Bydgoszcz;2020/2021
Natalia Lijewska;Polskie Przetwory Pa³ac Bydgoszcz;2020/2021
Kinga Ró¿yñska;Polskie Przetwory Pa³ac Bydgoszcz;2020/2021
Agata Michalewicz;Polskie Przetwory Pa³ac Bydgoszcz;2020/2021
Regiane Bidias;Polskie Przetwory Pa³ac Bydgoszcz;2020/2021
Marta Wellna;#VolleyWroc³aw;2021/2022
Aleksandra Gromadowska;#VolleyWroc³aw;2021/2022
Magdalena Hawry³a;#VolleyWroc³aw;2021/2022
Andrea Kossanyiova;#VolleyWroc³aw;2021/2022
Izabela Ba³ucka;#VolleyWroc³aw;2021/2022
Adrianna Szady;#VolleyWroc³aw;2021/2022
Julia Pañko;#VolleyWroc³aw;2021/2022
Joanna Chor¹¿a;#VolleyWroc³aw;2021/2022
Nina Kociæ;#VolleyWroc³aw;2021/2022
Anna Bodasiñska;#VolleyWroc³aw;2021/2022
Anna Kaczmar;#VolleyWroc³aw;2021/2022
Yunieska Robles Batista;#VolleyWroc³aw;2021/2022
Karolina Fedorek;#VolleyWroc³aw;2021/2022
Julia Stancelewska;#VolleyWroc³aw;2021/2022
Aleksandra Kaza³a;BKS BOSTIK Bielsko-Bia³a;2021/2022
Ewelina Polak;BKS BOSTIK Bielsko-Bia³a;2021/2022
Martyna Borowczak;BKS BOSTIK Bielsko-Bia³a;2021/2022
Julia Mazur;BKS BOSTIK Bielsko-Bia³a;2021/2022
Magdalena Janiuk;BKS BOSTIK Bielsko-Bia³a;2021/2022
Karina Chmielewska;BKS BOSTIK Bielsko-Bia³a;2021/2022
Dominika Pierzcha³a;BKS BOSTIK Bielsko-Bia³a;2021/2022
Martyna Œwirad;BKS BOSTIK Bielsko-Bia³a;2021/2022
Kinga Drabek;BKS BOSTIK Bielsko-Bia³a;2021/2022
Koleta £yszkiewicz;BKS BOSTIK Bielsko-Bia³a;2021/2022
Gabriela Orvosova;BKS BOSTIK Bielsko-Bia³a;2021/2022
Alina Bartkowska;BKS BOSTIK Bielsko-Bia³a;2021/2022
Weronika Szlagowska;BKS BOSTIK Bielsko-Bia³a;2021/2022
Gabriela Polañska;Developres BELLA DOLINA Rzeszów;2021/2022
Bruna Honorio Marques;Developres BELLA DOLINA Rzeszów;2021/2022
Marta £yczakowska;Developres BELLA DOLINA Rzeszów;2021/2022
Katarzyna Bagrowska;Developres BELLA DOLINA Rzeszów;2021/2022
Jelena Blagojeviæ;Developres BELLA DOLINA Rzeszów;2021/2022
Anna Obia³a;Developres BELLA DOLINA Rzeszów;2021/2022
Katarzyna Wenerska;Developres BELLA DOLINA Rzeszów;2021/2022
Aleksandra Szczyg³owska;Developres BELLA DOLINA Rzeszów;2021/2022
Dominika Witowska;Developres BELLA DOLINA Rzeszów;2021/2022
Kara Bajema;Developres BELLA DOLINA Rzeszów;2021/2022
Izabella Rapacz;Developres BELLA DOLINA Rzeszów;2021/2022
Malwina Smarzek;Developres BELLA DOLINA Rzeszów;2021/2022
Daria Przyby³a;Developres BELLA DOLINA Rzeszów;2021/2022
Ann Kalandadze;Developres BELLA DOLINA Rzeszów;2021/2022
Magdalena Jurczyk;Developres BELLA DOLINA Rzeszów;2021/2022
Julia Biñczycka;Developres BELLA DOLINA Rzeszów;2021/2022
Natalia Murek;E.LECLERC MOYA Radomka Radom;2021/2022
Aleksandra Szczepañska;E.LECLERC MOYA Radomka Radom;2021/2022
Agata Witkowska;E.LECLERC MOYA Radomka Radom;2021/2022
Aleksandra Wójcik;E.LECLERC MOYA Radomka Radom;2021/2022
Katarzyna Zaroœliñska-Król;E.LECLERC MOYA Radomka Radom;2021/2022
Freya Aelbrecht;E.LECLERC MOYA Radomka Radom;2021/2022
Zuzanna Efimienko-M³otkowska;E.LECLERC MOYA Radomka Radom;2021/2022
Kamila Kobus;E.LECLERC MOYA Radomka Radom;2021/2022
Alexandra Laziæ;E.LECLERC MOYA Radomka Radom;2021/2022
Renata Bia³a;E.LECLERC MOYA Radomka Radom;2021/2022
Kornelia Moskwa;E.LECLERC MOYA Radomka Radom;2021/2022
Agnieszka Adamek;E.LECLERC MOYA Radomka Radom;2021/2022
Katarzyna Skorupa;E.LECLERC MOYA Radomka Radom;2021/2022
Ewa Kwiatkowska;Energa MKS Kalisz;2021/2022
Karolina Dru¿kowska;Energa MKS Kalisz;2021/2022
Ewelina ¯urowska;Energa MKS Kalisz;2021/2022
Oriana Miechowicz;Energa MKS Kalisz;2021/2022
Klara Kempfi;Energa MKS Kalisz;2021/2022
Justyna £ukasik;Energa MKS Kalisz;2021/2022
Monika Ga³kowska;Energa MKS Kalisz;2021/2022
Emilia Mucha;Energa MKS Kalisz;2021/2022
Aleksandra Cygan;Energa MKS Kalisz;2021/2022
Kinga Wysokiñska;Energa MKS Kalisz;2021/2022
Oliwia Ba³uk;Energa MKS Kalisz;2021/2022
Aleksandra Dudek;Energa MKS Kalisz;2021/2022
Sonia Kubacka;Energa MKS Kalisz;2021/2022
Sylwia Kucharska;Energa MKS Kalisz;2021/2022
Natalia Gajewska;Energa MKS Kalisz;2021/2022
Justyna Kêdziora;Grot Budowlani £ódŸ;2021/2022
Ma³gorzata Lisiak;Grot Budowlani £ódŸ;2021/2022
Anna Lewandowska;Grot Budowlani £ódŸ;2021/2022
Martyna £azowska;Grot Budowlani £ódŸ;2021/2022
Zuzanna Górecka;Grot Budowlani £ódŸ;2021/2022
Weronika Centka;Grot Budowlani £ódŸ;2021/2022
Ana Cleger;Grot Budowlani £ódŸ;2021/2022
Monika Fedusio;Grot Budowlani £ódŸ;2021/2022
Daria Skomorowska;Grot Budowlani £ódŸ;2021/2022
Justyna £ysiak;Grot Budowlani £ódŸ;2021/2022
Maja Pelczarska;Grot Budowlani £ódŸ;2021/2022
Paulina Damaske;Grot Budowlani £ódŸ;2021/2022
Julia Szczurowska;Grot Budowlani £ódŸ;2021/2022
Maria Stenzel;Grupa Azoty Chemik Police;2021/2022
Danielle Drews;Grupa Azoty Chemik Police;2021/2022
Naiane De Almeida Rios;Grupa Azoty Chemik Police;2021/2022
Marlena Kowalewska;Grupa Azoty Chemik Police;2021/2022
Agnieszka Korneluk;Grupa Azoty Chemik Police;2021/2022
Jovana Brakocevic-Canzian;Grupa Azoty Chemik Police;2021/2022
Iga Wasilewska;Grupa Azoty Chemik Police;2021/2022
Katarzyna Po³eæ;Grupa Azoty Chemik Police;2021/2022
Martyna £ukasik;Grupa Azoty Chemik Police;2021/2022
Aleksandra Lipska;Grupa Azoty Chemik Police;2021/2022
Martyna Czyrniañska;Grupa Azoty Chemik Police;2021/2022
Aleksandra ¯urawska;Grupa Azoty Chemik Police;2021/2022
Bojana Milenkoviæ;Grupa Azoty Chemik Police;2021/2022
Marta Pol;Grupa Azoty Chemik Police;2021/2022
Maja Tokarska;I£ Capital Legionovia Legionowo;2021/2022
Gabriela Dêbowska;I£ Capital Legionovia Legionowo;2021/2022
Olivia Ró¿añski;I£ Capital Legionovia Legionowo;2021/2022
Magdalena Damaske-Dawid;I£ Capital Legionovia Legionowo;2021/2022
Daria Szczyrba;I£ Capital Legionovia Legionowo;2021/2022
Sonia Stefanik;I£ Capital Legionovia Legionowo;2021/2022
Yaprak Erkek;I£ Capital Legionovia Legionowo;2021/2022
Izabela Lemañczyk;I£ Capital Legionovia Legionowo;2021/2022
Diana D¹browska;I£ Capital Legionovia Legionowo;2021/2022
Hanna Tylska;I£ Capital Legionovia Legionowo;2021/2022
Maja Szymañska;I£ Capital Legionovia Legionowo;2021/2022
Klaudia Kulig;I£ Capital Legionovia Legionowo;2021/2022
Gyselle Silva Franco;I£ Capital Legionovia Legionowo;2021/2022
Aleksandra Gryka;I£ Capital Legionovia Legionowo;2021/2022
Alicja Grabka;I£ Capital Legionovia Legionowo;2021/2022
Judyta Gawlak;Joker Œwiecie;2021/2022
Angelika Wystel;Joker Œwiecie;2021/2022
Amelia Senica;Joker Œwiecie;2021/2022
Paulina Brzoska;Joker Œwiecie;2021/2022
Agata Michalewicz;Joker Œwiecie;2021/2022
Vangeliya Rachkovska;Joker Œwiecie;2021/2022
Natalia Skrzypkowska;Joker Œwiecie;2021/2022
Agata Nowak;Joker Œwiecie;2021/2022
Joanna Sikorska;Joker Œwiecie;2021/2022
Andressa Picussa;Joker Œwiecie;2021/2022
Maria Luisa Oliveira;Joker Œwiecie;2021/2022
Monika Jag³a;Joker Œwiecie;2021/2022
Paulina Zaborowska;Joker Œwiecie;2021/2022
Julia K¹kol;Joker Œwiecie;2021/2022
Martyna Grajber;£KS Commercecon £ódŸ;2021/2022
Paulina Maj-Erwardt;£KS Commercecon £ódŸ;2021/2022
Joanna Pacak;£KS Commercecon £ódŸ;2021/2022
Pietra Jukoski;£KS Commercecon £ódŸ;2021/2022
Kamila Witkowska;£KS Commercecon £ódŸ;2021/2022
Valentina Diouf;£KS Commercecon £ódŸ;2021/2022
Weronika Sobiczewska;£KS Commercecon £ódŸ;2021/2022
Ivna Colombo;£KS Commercecon £ódŸ;2021/2022
Roberta Ratzke;£KS Commercecon £ódŸ;2021/2022
Krystyna Strasz;£KS Commercecon £ódŸ;2021/2022
Angelika Gajer;£KS Commercecon £ódŸ;2021/2022
Klaudia Alagierska-Szczepaniak;£KS Commercecon £ódŸ;2021/2022
Julita Piasecka;£KS Commercecon £ódŸ;2021/2022
Veronica Jones-Perry;£KS Commercecon £ódŸ;2021/2022
Zuzanna Pieniak;£KS Commercecon £ódŸ;2021/2022
Alicja Jaryszek;£KS Commercecon £ódŸ;2021/2022
Patrycja Balmas;Polskie Przetwory Pa³ac Bydgoszcz;2021/2022
Aleksandra Justka;Polskie Przetwory Pa³ac Bydgoszcz;2021/2022
Magdalena Mazurek;Polskie Przetwory Pa³ac Bydgoszcz;2021/2022
Magdalena Saad;Polskie Przetwory Pa³ac Bydgoszcz;2021/2022
Zuzanna Wawrzyniak;Polskie Przetwory Pa³ac Bydgoszcz;2021/2022
Mariana Cassemiro;Polskie Przetwory Pa³ac Bydgoszcz;2021/2022
Paulina Majkowska;Polskie Przetwory Pa³ac Bydgoszcz;2021/2022
Ani Bozdeva;Polskie Przetwory Pa³ac Bydgoszcz;2021/2022
Kinga Ró¿yñska;Polskie Przetwory Pa³ac Bydgoszcz;2021/2022
Dominika Surlit;Polskie Przetwory Pa³ac Bydgoszcz;2021/2022
Majka Szczepañska-Pogoda;Polskie Przetwory Pa³ac Bydgoszcz;2021/2022
Paulina Ba³dyga;Polskie Przetwory Pa³ac Bydgoszcz;2021/2022
Leticia Hage;Polskie Przetwory Pa³ac Bydgoszcz;2021/2022
Marta Orzy³owska;UNI Opole;2021/2022
Kinga Stronias;UNI Opole;2021/2022
Regiane Bidias;UNI Opole;2021/2022
Vivian Pellegrino;UNI Opole;2021/2022
Gabriela Borawska;UNI Opole;2021/2022
Marta Pamu³a;UNI Opole;2021/2022
Aleksandra Muszyñska;UNI Opole;2021/2022
Adriana Adamek;UNI Opole;2021/2022
Weronika Wo³odko;UNI Opole;2021/2022
Gabriela Makarowska-Kulej;UNI Opole;2021/2022
Oliwia Sieradzka;UNI Opole;2021/2022
Anna B¹czyñska;UNI Opole;2021/2022
